Id,SleepDay,TotalSleepRecords,TotalMinutesAsleep,TotalTimeInBed,date,sleep_efficiency,in_bed_gap,sleep_hours,sleep_band,weekday
1503960366,2016-04-12 00:00:00,1.0,327.0,346.0,2016-04-12,0.9450867052023122,19.0,5.45,<7 h,Tuesday
1503960366,2016-04-13 00:00:00,2.0,384.0,407.0,2016-04-13,0.9434889434889435,23.0,6.4,<7 h,Wednesday
1503960366,2016-04-15 00:00:00,1.0,412.0,442.0,2016-04-15,0.9321266968325792,30.0,6.866666666666666,<7 h,Friday
1503960366,2016-04-16 00:00:00,2.0,340.0,367.0,2016-04-16,0.9264305177111717,27.0,5.666666666666667,<7 h,Saturday
1503960366,2016-04-17 00:00:00,1.0,700.0,712.0,2016-04-17,0.9831460674157303,12.0,11.666666666666666,9+ h,Sunday
1503960366,2016-04-19 00:00:00,1.0,304.0,320.0,2016-04-19,0.95,16.0,5.066666666666666,<7 h,Tuesday
1503960366,2016-04-20 00:00:00,1.0,360.0,377.0,2016-04-20,0.9549071618037135,17.0,6.0,<7 h,Wednesday
1503960366,2016-04-21 00:00:00,1.0,325.0,364.0,2016-04-21,0.8928571428571429,39.0,5.416666666666667,<7 h,Thursday
1503960366,2016-04-23 00:00:00,1.0,361.0,384.0,2016-04-23,0.9401041666666666,23.0,6.016666666666667,<7 h,Saturday
1503960366,2016-04-24 00:00:00,1.0,430.0,449.0,2016-04-24,0.9576837416481069,19.0,7.166666666666667,7 to <9 h,Sunday
1503960366,2016-04-25 00:00:00,1.0,277.0,323.0,2016-04-25,0.8575851393188855,46.0,4.616666666666666,<7 h,Monday
1503960366,2016-04-26 00:00:00,1.0,245.0,274.0,2016-04-26,0.8941605839416058,29.0,4.083333333333333,<7 h,Tuesday
1503960366,2016-04-28 00:00:00,1.0,366.0,393.0,2016-04-28,0.9312977099236641,27.0,6.1,<7 h,Thursday
1503960366,2016-04-29 00:00:00,1.0,341.0,354.0,2016-04-29,0.963276836158192,13.0,5.683333333333334,<7 h,Friday
1503960366,2016-04-30 00:00:00,1.0,404.0,425.0,2016-04-30,0.9505882352941176,21.0,6.733333333333333,<7 h,Saturday
1503960366,2016-05-01 00:00:00,1.0,369.0,396.0,2016-05-01,0.9318181818181818,27.0,6.15,<7 h,Sunday
1503960366,2016-05-02 00:00:00,1.0,277.0,309.0,2016-05-02,0.8964401294498382,32.0,4.616666666666666,<7 h,Monday
1503960366,2016-05-03 00:00:00,1.0,273.0,296.0,2016-05-03,0.9222972972972973,23.0,4.55,<7 h,Tuesday
1503960366,2016-05-05 00:00:00,1.0,247.0,264.0,2016-05-05,0.9356060606060606,17.0,4.116666666666666,<7 h,Thursday
1503960366,2016-05-06 00:00:00,1.0,334.0,367.0,2016-05-06,0.9100817438692098,33.0,5.566666666666666,<7 h,Friday
1503960366,2016-05-07 00:00:00,1.0,331.0,349.0,2016-05-07,0.9484240687679083,18.0,5.516666666666667,<7 h,Saturday
1503960366,2016-05-08 00:00:00,1.0,594.0,611.0,2016-05-08,0.972176759410802,17.0,9.9,9+ h,Sunday
1503960366,2016-05-09 00:00:00,1.0,338.0,342.0,2016-05-09,0.9883040935672515,4.0,5.633333333333334,<7 h,Monday
1503960366,2016-05-10 00:00:00,1.0,383.0,403.0,2016-05-10,0.9503722084367245,20.0,6.383333333333334,<7 h,Tuesday
1503960366,2016-05-11 00:00:00,1.0,285.0,306.0,2016-05-11,0.9313725490196079,21.0,4.75,<7 h,Wednesday
1644430081,2016-04-29 00:00:00,1.0,119.0,127.0,2016-04-29,0.937007874015748,8.0,1.9833333333333334,<7 h,Friday
1644430081,2016-04-30 00:00:00,1.0,124.0,142.0,2016-04-30,0.8732394366197183,18.0,2.066666666666667,<7 h,Saturday
1644430081,2016-05-02 00:00:00,1.0,796.0,961.0,2016-05-02,0.8283038501560874,165.0,13.266666666666667,9+ h,Monday
1644430081,2016-05-08 00:00:00,1.0,137.0,154.0,2016-05-08,0.8896103896103896,17.0,2.283333333333333,<7 h,Sunday
1844505072,2016-04-15 00:00:00,1.0,644.0,961.0,2016-04-15,0.6701352757544224,317.0,10.733333333333333,9+ h,Friday
1844505072,2016-04-30 00:00:00,1.0,722.0,961.0,2016-04-30,0.7513007284079084,239.0,12.033333333333333,9+ h,Saturday
1844505072,2016-05-01 00:00:00,1.0,590.0,961.0,2016-05-01,0.6139438085327783,371.0,9.833333333333334,9+ h,Sunday
1927972279,2016-04-12 00:00:00,3.0,750.0,775.0,2016-04-12,0.967741935483871,25.0,12.5,9+ h,Tuesday
1927972279,2016-04-13 00:00:00,1.0,398.0,422.0,2016-04-13,0.943127962085308,24.0,6.633333333333334,<7 h,Wednesday
1927972279,2016-04-15 00:00:00,2.0,475.0,499.0,2016-04-15,0.9519038076152304,24.0,7.916666666666667,7 to <9 h,Friday
1927972279,2016-04-26 00:00:00,1.0,296.0,315.0,2016-04-26,0.9396825396825397,19.0,4.933333333333334,<7 h,Tuesday
1927972279,2016-04-28 00:00:00,1.0,166.0,178.0,2016-04-28,0.9325842696629213,12.0,2.7666666666666666,<7 h,Thursday
2026352035,2016-04-12 00:00:00,1.0,503.0,546.0,2016-04-12,0.9212454212454212,43.0,8.383333333333333,7 to <9 h,Tuesday
2026352035,2016-04-13 00:00:00,1.0,531.0,565.0,2016-04-13,0.9398230088495575,34.0,8.85,7 to <9 h,Wednesday
2026352035,2016-04-14 00:00:00,1.0,545.0,568.0,2016-04-14,0.9595070422535211,23.0,9.083333333333334,9+ h,Thursday
2026352035,2016-04-15 00:00:00,1.0,523.0,573.0,2016-04-15,0.912739965095986,50.0,8.716666666666667,7 to <9 h,Friday
2026352035,2016-04-16 00:00:00,1.0,524.0,567.0,2016-04-16,0.9241622574955908,43.0,8.733333333333333,7 to <9 h,Saturday
2026352035,2016-04-17 00:00:00,1.0,437.0,498.0,2016-04-17,0.8775100401606426,61.0,7.283333333333333,7 to <9 h,Sunday
2026352035,2016-04-19 00:00:00,1.0,498.0,540.0,2016-04-19,0.9222222222222223,42.0,8.3,7 to <9 h,Tuesday
2026352035,2016-04-20 00:00:00,1.0,461.0,510.0,2016-04-20,0.903921568627451,49.0,7.683333333333334,7 to <9 h,Wednesday
2026352035,2016-04-21 00:00:00,1.0,477.0,514.0,2016-04-21,0.9280155642023347,37.0,7.95,7 to <9 h,Thursday
2026352035,2016-04-22 00:00:00,1.0,520.0,545.0,2016-04-22,0.9541284403669725,25.0,8.666666666666666,7 to <9 h,Friday
2026352035,2016-04-23 00:00:00,1.0,522.0,554.0,2016-04-23,0.9422382671480144,32.0,8.7,7 to <9 h,Saturday
2026352035,2016-04-24 00:00:00,1.0,555.0,591.0,2016-04-24,0.9390862944162437,36.0,9.25,9+ h,Sunday
2026352035,2016-04-25 00:00:00,1.0,506.0,531.0,2016-04-25,0.9529190207156308,25.0,8.433333333333334,7 to <9 h,Monday
2026352035,2016-04-27 00:00:00,1.0,508.0,545.0,2016-04-27,0.9321100917431193,37.0,8.466666666666667,7 to <9 h,Wednesday
2026352035,2016-04-28 00:00:00,1.0,513.0,545.0,2016-04-28,0.9412844036697248,32.0,8.55,7 to <9 h,Thursday
2026352035,2016-04-29 00:00:00,1.0,490.0,510.0,2016-04-29,0.9607843137254902,20.0,8.166666666666666,7 to <9 h,Friday
2026352035,2016-04-30 00:00:00,1.0,573.0,607.0,2016-04-30,0.943986820428336,34.0,9.55,9+ h,Saturday
2026352035,2016-05-01 00:00:00,1.0,527.0,546.0,2016-05-01,0.9652014652014652,19.0,8.783333333333333,7 to <9 h,Sunday
2026352035,2016-05-02 00:00:00,1.0,511.0,543.0,2016-05-02,0.9410681399631676,32.0,8.516666666666667,7 to <9 h,Monday
2026352035,2016-05-04 00:00:00,1.0,538.0,560.0,2016-05-04,0.9607142857142857,22.0,8.966666666666667,7 to <9 h,Wednesday
2026352035,2016-05-05 00:00:00,1.0,468.0,485.0,2016-05-05,0.9649484536082474,17.0,7.8,7 to <9 h,Thursday
2026352035,2016-05-06 00:00:00,1.0,524.0,548.0,2016-05-06,0.9562043795620438,24.0,8.733333333333333,7 to <9 h,Friday
2026352035,2016-05-07 00:00:00,1.0,511.0,521.0,2016-05-07,0.980806142034549,10.0,8.516666666666667,7 to <9 h,Saturday
2026352035,2016-05-08 00:00:00,1.0,541.0,568.0,2016-05-08,0.9524647887323944,27.0,9.016666666666667,9+ h,Sunday
2026352035,2016-05-09 00:00:00,1.0,531.0,556.0,2016-05-09,0.9550359712230215,25.0,8.85,7 to <9 h,Monday
2026352035,2016-05-10 00:00:00,1.0,357.0,380.0,2016-05-10,0.9394736842105263,23.0,5.95,<7 h,Tuesday
2026352035,2016-05-11 00:00:00,1.0,523.0,553.0,2016-05-11,0.945750452079566,30.0,8.716666666666667,7 to <9 h,Wednesday
2026352035,2016-05-12 00:00:00,1.0,456.0,485.0,2016-05-12,0.9402061855670103,29.0,7.6,7 to <9 h,Thursday
2320127002,2016-04-23 00:00:00,1.0,61.0,69.0,2016-04-23,0.8840579710144928,8.0,1.0166666666666666,<7 h,Saturday
2347167796,2016-04-13 00:00:00,1.0,467.0,531.0,2016-04-13,0.879472693032015,64.0,7.783333333333333,7 to <9 h,Wednesday
2347167796,2016-04-14 00:00:00,1.0,445.0,489.0,2016-04-14,0.9100204498977505,44.0,7.416666666666667,7 to <9 h,Thursday
2347167796,2016-04-15 00:00:00,1.0,452.0,504.0,2016-04-15,0.8968253968253969,52.0,7.533333333333333,7 to <9 h,Friday
2347167796,2016-04-17 00:00:00,1.0,556.0,602.0,2016-04-17,0.9235880398671097,46.0,9.266666666666667,9+ h,Sunday
2347167796,2016-04-18 00:00:00,1.0,500.0,557.0,2016-04-18,0.8976660682226212,57.0,8.333333333333334,7 to <9 h,Monday
2347167796,2016-04-19 00:00:00,1.0,465.0,514.0,2016-04-19,0.9046692607003891,49.0,7.75,7 to <9 h,Tuesday
2347167796,2016-04-21 00:00:00,1.0,460.0,484.0,2016-04-21,0.9504132231404959,24.0,7.666666666666667,7 to <9 h,Thursday
2347167796,2016-04-22 00:00:00,1.0,405.0,461.0,2016-04-22,0.8785249457700651,56.0,6.75,<7 h,Friday
2347167796,2016-04-23 00:00:00,1.0,374.0,386.0,2016-04-23,0.9689119170984456,12.0,6.233333333333333,<7 h,Saturday
2347167796,2016-04-24 00:00:00,1.0,442.0,459.0,2016-04-24,0.9629629629629629,17.0,7.366666666666666,7 to <9 h,Sunday
2347167796,2016-04-25 00:00:00,1.0,433.0,471.0,2016-04-25,0.9193205944798302,38.0,7.216666666666667,7 to <9 h,Monday
2347167796,2016-04-26 00:00:00,1.0,436.0,490.0,2016-04-26,0.889795918367347,54.0,7.266666666666667,7 to <9 h,Tuesday
2347167796,2016-04-27 00:00:00,1.0,448.0,499.0,2016-04-27,0.8977955911823647,51.0,7.466666666666667,7 to <9 h,Wednesday
2347167796,2016-04-28 00:00:00,1.0,408.0,450.0,2016-04-28,0.9066666666666666,42.0,6.8,<7 h,Thursday
2347167796,2016-04-29 00:00:00,1.0,411.0,473.0,2016-04-29,0.86892177589852,62.0,6.85,<7 h,Friday
3977333714,2016-04-12 00:00:00,1.0,274.0,469.0,2016-04-12,0.5842217484008528,195.0,4.566666666666666,<7 h,Tuesday
3977333714,2016-04-13 00:00:00,2.0,295.0,456.0,2016-04-13,0.6469298245614035,161.0,4.916666666666667,<7 h,Wednesday
3977333714,2016-04-14 00:00:00,1.0,291.0,397.0,2016-04-14,0.7329974811083123,106.0,4.85,<7 h,Thursday
3977333714,2016-04-15 00:00:00,1.0,424.0,556.0,2016-04-15,0.762589928057554,132.0,7.066666666666666,7 to <9 h,Friday
3977333714,2016-04-16 00:00:00,1.0,283.0,510.0,2016-04-16,0.5549019607843138,227.0,4.716666666666667,<7 h,Saturday
3977333714,2016-04-17 00:00:00,1.0,381.0,566.0,2016-04-17,0.6731448763250883,185.0,6.35,<7 h,Sunday
3977333714,2016-04-18 00:00:00,2.0,412.0,522.0,2016-04-18,0.789272030651341,110.0,6.866666666666666,<7 h,Monday
3977333714,2016-04-19 00:00:00,1.0,219.0,395.0,2016-04-19,0.5544303797468354,176.0,3.65,<7 h,Tuesday
3977333714,2016-04-20 00:00:00,2.0,152.0,305.0,2016-04-20,0.49836065573770494,153.0,2.533333333333333,<7 h,Wednesday
3977333714,2016-04-21 00:00:00,1.0,332.0,512.0,2016-04-21,0.6484375,180.0,5.533333333333333,<7 h,Thursday
3977333714,2016-04-22 00:00:00,1.0,355.0,476.0,2016-04-22,0.7457983193277311,121.0,5.916666666666667,<7 h,Friday
3977333714,2016-04-23 00:00:00,1.0,235.0,372.0,2016-04-23,0.6317204301075269,137.0,3.9166666666666665,<7 h,Saturday
3977333714,2016-04-24 00:00:00,1.0,310.0,526.0,2016-04-24,0.5893536121673004,216.0,5.166666666666667,<7 h,Sunday
3977333714,2016-04-25 00:00:00,1.0,262.0,467.0,2016-04-25,0.5610278372591007,205.0,4.366666666666666,<7 h,Monday
3977333714,2016-04-26 00:00:00,1.0,250.0,371.0,2016-04-26,0.6738544474393531,121.0,4.166666666666667,<7 h,Tuesday
3977333714,2016-04-27 00:00:00,1.0,349.0,540.0,2016-04-27,0.6462962962962963,191.0,5.816666666666666,<7 h,Wednesday
3977333714,2016-04-28 00:00:00,1.0,261.0,423.0,2016-04-28,0.6170212765957447,162.0,4.35,<7 h,Thursday
3977333714,2016-04-29 00:00:00,1.0,333.0,478.0,2016-04-29,0.696652719665272,145.0,5.55,<7 h,Friday
3977333714,2016-04-30 00:00:00,1.0,237.0,382.0,2016-04-30,0.6204188481675392,145.0,3.95,<7 h,Saturday
3977333714,2016-05-01 00:00:00,1.0,383.0,626.0,2016-05-01,0.6118210862619808,243.0,6.383333333333334,<7 h,Sunday
3977333714,2016-05-02 00:00:00,1.0,230.0,384.0,2016-05-02,0.5989583333333334,154.0,3.8333333333333335,<7 h,Monday
3977333714,2016-05-03 00:00:00,1.0,292.0,500.0,2016-05-03,0.584,208.0,4.866666666666666,<7 h,Tuesday
3977333714,2016-05-04 00:00:00,1.0,213.0,336.0,2016-05-04,0.6339285714285714,123.0,3.55,<7 h,Wednesday
3977333714,2016-05-05 00:00:00,1.0,318.0,480.0,2016-05-05,0.6625,162.0,5.3,<7 h,Thursday
3977333714,2016-05-06 00:00:00,1.0,323.0,512.0,2016-05-06,0.630859375,189.0,5.383333333333334,<7 h,Friday
3977333714,2016-05-07 00:00:00,1.0,237.0,443.0,2016-05-07,0.5349887133182845,206.0,3.95,<7 h,Saturday
3977333714,2016-05-08 00:00:00,2.0,259.0,456.0,2016-05-08,0.5679824561403509,197.0,4.316666666666666,<7 h,Sunday
3977333714,2016-05-10 00:00:00,1.0,312.0,452.0,2016-05-10,0.6902654867256637,140.0,5.2,<7 h,Tuesday
4020332650,2016-04-12 00:00:00,1.0,501.0,541.0,2016-04-12,0.9260628465804066,40.0,8.35,7 to <9 h,Tuesday
4020332650,2016-04-16 00:00:00,1.0,77.0,77.0,2016-04-16,1.0,0.0,1.2833333333333334,<7 h,Saturday
4020332650,2016-05-03 00:00:00,1.0,322.0,332.0,2016-05-03,0.9698795180722891,10.0,5.366666666666666,<7 h,Tuesday
4020332650,2016-05-04 00:00:00,1.0,478.0,536.0,2016-05-04,0.8917910447761194,58.0,7.966666666666667,7 to <9 h,Wednesday
4020332650,2016-05-05 00:00:00,1.0,226.0,248.0,2016-05-05,0.9112903225806451,22.0,3.7666666666666666,<7 h,Thursday
4020332650,2016-05-06 00:00:00,1.0,385.0,408.0,2016-05-06,0.9436274509803921,23.0,6.416666666666667,<7 h,Friday
4020332650,2016-05-08 00:00:00,1.0,364.0,402.0,2016-05-08,0.9054726368159204,38.0,6.066666666666666,<7 h,Sunday
4020332650,2016-05-10 00:00:00,1.0,442.0,494.0,2016-05-10,0.8947368421052632,52.0,7.366666666666666,7 to <9 h,Tuesday
4319703577,2016-04-14 00:00:00,1.0,535.0,557.0,2016-04-14,0.9605026929982047,22.0,8.916666666666666,7 to <9 h,Thursday
4319703577,2016-04-15 00:00:00,1.0,465.0,491.0,2016-04-15,0.9470468431771895,26.0,7.75,7 to <9 h,Friday
4319703577,2016-04-16 00:00:00,1.0,506.0,522.0,2016-04-16,0.9693486590038314,16.0,8.433333333333334,7 to <9 h,Saturday
4319703577,2016-04-18 00:00:00,1.0,515.0,551.0,2016-04-18,0.9346642468239564,36.0,8.583333333333334,7 to <9 h,Monday
4319703577,2016-04-19 00:00:00,2.0,461.0,498.0,2016-04-19,0.9257028112449799,37.0,7.683333333333334,7 to <9 h,Tuesday
4319703577,2016-04-20 00:00:00,1.0,523.0,543.0,2016-04-20,0.9631675874769797,20.0,8.716666666666667,7 to <9 h,Wednesday
4319703577,2016-04-21 00:00:00,1.0,59.0,65.0,2016-04-21,0.9076923076923077,6.0,0.9833333333333333,<7 h,Thursday
4319703577,2016-04-22 00:00:00,1.0,533.0,550.0,2016-04-22,0.9690909090909091,17.0,8.883333333333333,7 to <9 h,Friday
4319703577,2016-04-23 00:00:00,1.0,692.0,722.0,2016-04-23,0.9584487534626038,30.0,11.533333333333333,9+ h,Saturday
4319703577,2016-04-24 00:00:00,1.0,467.0,501.0,2016-04-24,0.9321357285429142,34.0,7.783333333333333,7 to <9 h,Sunday
4319703577,2016-04-25 00:00:00,1.0,488.0,506.0,2016-04-25,0.9644268774703557,18.0,8.133333333333333,7 to <9 h,Monday
4319703577,2016-04-26 00:00:00,1.0,505.0,516.0,2016-04-26,0.9786821705426356,11.0,8.416666666666666,7 to <9 h,Tuesday
4319703577,2016-04-27 00:00:00,1.0,286.0,307.0,2016-04-27,0.9315960912052117,21.0,4.766666666666667,<7 h,Wednesday
4319703577,2016-04-28 00:00:00,1.0,497.0,522.0,2016-04-28,0.9521072796934866,25.0,8.283333333333333,7 to <9 h,Thursday
4319703577,2016-04-29 00:00:00,1.0,523.0,546.0,2016-04-29,0.9578754578754579,23.0,8.716666666666667,7 to <9 h,Friday
4319703577,2016-04-30 00:00:00,1.0,490.0,516.0,2016-04-30,0.9496124031007752,26.0,8.166666666666666,7 to <9 h,Saturday
4319703577,2016-05-01 00:00:00,1.0,484.0,500.0,2016-05-01,0.968,16.0,8.066666666666666,7 to <9 h,Sunday
4319703577,2016-05-02 00:00:00,1.0,478.0,506.0,2016-05-02,0.9446640316205533,28.0,7.966666666666667,7 to <9 h,Monday
4319703577,2016-05-03 00:00:00,1.0,474.0,512.0,2016-05-03,0.92578125,38.0,7.9,7 to <9 h,Tuesday
4319703577,2016-05-06 00:00:00,1.0,450.0,491.0,2016-05-06,0.9164969450101833,41.0,7.5,7 to <9 h,Friday
4319703577,2016-05-07 00:00:00,1.0,507.0,530.0,2016-05-07,0.9566037735849057,23.0,8.45,7 to <9 h,Saturday
4319703577,2016-05-08 00:00:00,1.0,602.0,638.0,2016-05-08,0.9435736677115988,36.0,10.033333333333333,9+ h,Sunday
4319703577,2016-05-09 00:00:00,1.0,535.0,565.0,2016-05-09,0.9469026548672567,30.0,8.916666666666666,7 to <9 h,Monday
4319703577,2016-05-10 00:00:00,1.0,487.0,517.0,2016-05-10,0.941972920696325,30.0,8.116666666666667,7 to <9 h,Tuesday
4319703577,2016-05-11 00:00:00,1.0,529.0,558.0,2016-05-11,0.9480286738351255,29.0,8.816666666666666,7 to <9 h,Wednesday
4319703577,2016-05-12 00:00:00,1.0,302.0,321.0,2016-05-12,0.940809968847352,19.0,5.033333333333333,<7 h,Thursday
4388161847,2016-04-15 00:00:00,1.0,499.0,526.0,2016-04-15,0.9486692015209125,27.0,8.316666666666666,7 to <9 h,Friday
4388161847,2016-04-16 00:00:00,2.0,426.0,448.0,2016-04-16,0.9508928571428571,22.0,7.1,7 to <9 h,Saturday
4388161847,2016-04-17 00:00:00,2.0,619.0,641.0,2016-04-17,0.9656786271450858,22.0,10.316666666666666,9+ h,Sunday
4388161847,2016-04-18 00:00:00,1.0,99.0,104.0,2016-04-18,0.9519230769230769,5.0,1.65,<7 h,Monday
4388161847,2016-04-19 00:00:00,1.0,329.0,338.0,2016-04-19,0.9733727810650887,9.0,5.483333333333333,<7 h,Tuesday
4388161847,2016-04-20 00:00:00,1.0,421.0,451.0,2016-04-20,0.9334811529933481,30.0,7.016666666666667,7 to <9 h,Wednesday
4388161847,2016-04-21 00:00:00,1.0,442.0,458.0,2016-04-21,0.9650655021834061,16.0,7.366666666666666,7 to <9 h,Thursday
4388161847,2016-04-22 00:00:00,1.0,82.0,85.0,2016-04-22,0.9647058823529412,3.0,1.3666666666666667,<7 h,Friday
4388161847,2016-04-23 00:00:00,1.0,478.0,501.0,2016-04-23,0.9540918163672655,23.0,7.966666666666667,7 to <9 h,Saturday
4388161847,2016-04-24 00:00:00,3.0,552.0,595.0,2016-04-24,0.9277310924369748,43.0,9.2,9+ h,Sunday
4388161847,2016-04-26 00:00:00,1.0,319.0,346.0,2016-04-26,0.9219653179190751,27.0,5.316666666666666,<7 h,Tuesday
4388161847,2016-04-27 00:00:00,1.0,439.0,500.0,2016-04-27,0.878,61.0,7.316666666666666,7 to <9 h,Wednesday
4388161847,2016-04-28 00:00:00,1.0,428.0,458.0,2016-04-28,0.9344978165938864,30.0,7.133333333333334,7 to <9 h,Thursday
4388161847,2016-04-30 00:00:00,2.0,409.0,430.0,2016-04-30,0.9511627906976744,21.0,6.816666666666666,<7 h,Saturday
4388161847,2016-05-01 00:00:00,1.0,547.0,597.0,2016-05-01,0.916247906197655,50.0,9.116666666666667,9+ h,Sunday
4388161847,2016-05-02 00:00:00,2.0,368.0,376.0,2016-05-02,0.9787234042553191,8.0,6.133333333333334,<7 h,Monday
4388161847,2016-05-04 00:00:00,1.0,390.0,414.0,2016-05-04,0.9420289855072463,24.0,6.5,<7 h,Wednesday
4388161847,2016-05-05 00:00:00,1.0,471.0,495.0,2016-05-05,0.9515151515151515,24.0,7.85,7 to <9 h,Thursday
4388161847,2016-05-07 00:00:00,1.0,472.0,496.0,2016-05-07,0.9516129032258065,24.0,7.866666666666666,7 to <9 h,Saturday
4388161847,2016-05-08 00:00:00,2.0,529.0,541.0,2016-05-08,0.977818853974122,12.0,8.816666666666666,7 to <9 h,Sunday
4388161847,2016-05-09 00:00:00,1.0,62.0,65.0,2016-05-09,0.9538461538461539,3.0,1.0333333333333334,<7 h,Monday
4388161847,2016-05-10 00:00:00,1.0,354.0,375.0,2016-05-10,0.944,21.0,5.9,<7 h,Tuesday
4388161847,2016-05-11 00:00:00,1.0,469.0,494.0,2016-05-11,0.9493927125506073,25.0,7.816666666666666,7 to <9 h,Wednesday
4445114986,2016-04-12 00:00:00,2.0,429.0,457.0,2016-04-12,0.9387308533916849,28.0,7.15,7 to <9 h,Tuesday
4445114986,2016-04-13 00:00:00,2.0,370.0,406.0,2016-04-13,0.9113300492610837,36.0,6.166666666666667,<7 h,Wednesday
4445114986,2016-04-14 00:00:00,1.0,441.0,492.0,2016-04-14,0.8963414634146342,51.0,7.35,7 to <9 h,Thursday
4445114986,2016-04-15 00:00:00,2.0,337.0,379.0,2016-04-15,0.8891820580474934,42.0,5.616666666666666,<7 h,Friday
4445114986,2016-04-16 00:00:00,1.0,462.0,499.0,2016-04-16,0.9258517034068137,37.0,7.7,7 to <9 h,Saturday
4445114986,2016-04-17 00:00:00,1.0,98.0,107.0,2016-04-17,0.9158878504672897,9.0,1.6333333333333333,<7 h,Sunday
4445114986,2016-04-19 00:00:00,2.0,388.0,424.0,2016-04-19,0.9150943396226415,36.0,6.466666666666667,<7 h,Tuesday
4445114986,2016-04-20 00:00:00,1.0,439.0,462.0,2016-04-20,0.9502164502164502,23.0,7.316666666666666,7 to <9 h,Wednesday
4445114986,2016-04-21 00:00:00,1.0,436.0,469.0,2016-04-21,0.929637526652452,33.0,7.266666666666667,7 to <9 h,Thursday
4445114986,2016-04-22 00:00:00,1.0,388.0,417.0,2016-04-22,0.9304556354916067,29.0,6.466666666666667,<7 h,Friday
4445114986,2016-04-25 00:00:00,1.0,328.0,345.0,2016-04-25,0.9507246376811594,17.0,5.466666666666667,<7 h,Monday
4445114986,2016-04-26 00:00:00,2.0,353.0,391.0,2016-04-26,0.9028132992327366,38.0,5.883333333333334,<7 h,Tuesday
4445114986,2016-04-27 00:00:00,1.0,332.0,374.0,2016-04-27,0.8877005347593583,42.0,5.533333333333333,<7 h,Wednesday
4445114986,2016-04-28 00:00:00,1.0,419.0,442.0,2016-04-28,0.9479638009049773,23.0,6.983333333333333,<7 h,Thursday
4445114986,2016-04-29 00:00:00,1.0,106.0,108.0,2016-04-29,0.9814814814814815,2.0,1.7666666666666666,<7 h,Friday
4445114986,2016-04-30 00:00:00,1.0,322.0,353.0,2016-04-30,0.9121813031161473,31.0,5.366666666666666,<7 h,Saturday
4445114986,2016-05-01 00:00:00,2.0,439.0,459.0,2016-05-01,0.9564270152505446,20.0,7.316666666666666,7 to <9 h,Sunday
4445114986,2016-05-02 00:00:00,1.0,502.0,542.0,2016-05-02,0.9261992619926199,40.0,8.366666666666667,7 to <9 h,Monday
4445114986,2016-05-03 00:00:00,2.0,417.0,450.0,2016-05-03,0.9266666666666666,33.0,6.95,<7 h,Tuesday
4445114986,2016-05-04 00:00:00,2.0,337.0,363.0,2016-05-04,0.928374655647383,26.0,5.616666666666666,<7 h,Wednesday
4445114986,2016-05-05 00:00:00,2.0,462.0,513.0,2016-05-05,0.9005847953216374,51.0,7.7,7 to <9 h,Thursday
4445114986,2016-05-06 00:00:00,2.0,374.0,402.0,2016-05-06,0.9303482587064676,28.0,6.233333333333333,<7 h,Friday
4445114986,2016-05-07 00:00:00,2.0,401.0,436.0,2016-05-07,0.9197247706422018,35.0,6.683333333333334,<7 h,Saturday
4445114986,2016-05-08 00:00:00,1.0,361.0,391.0,2016-05-08,0.9232736572890026,30.0,6.016666666666667,<7 h,Sunday
4445114986,2016-05-09 00:00:00,1.0,457.0,533.0,2016-05-09,0.8574108818011257,76.0,7.616666666666666,7 to <9 h,Monday
4445114986,2016-05-10 00:00:00,1.0,405.0,426.0,2016-05-10,0.9507042253521126,21.0,6.75,<7 h,Tuesday
4445114986,2016-05-11 00:00:00,1.0,499.0,530.0,2016-05-11,0.9415094339622642,31.0,8.316666666666666,7 to <9 h,Wednesday
4445114986,2016-05-12 00:00:00,1.0,483.0,501.0,2016-05-12,0.9640718562874252,18.0,8.05,7 to <9 h,Thursday
4558609924,2016-04-21 00:00:00,1.0,126.0,137.0,2016-04-21,0.9197080291970803,11.0,2.1,<7 h,Thursday
4558609924,2016-04-26 00:00:00,1.0,103.0,121.0,2016-04-26,0.8512396694214877,18.0,1.7166666666666666,<7 h,Tuesday
4558609924,2016-04-29 00:00:00,1.0,171.0,179.0,2016-04-29,0.9553072625698324,8.0,2.85,<7 h,Friday
4558609924,2016-05-01 00:00:00,1.0,115.0,129.0,2016-05-01,0.8914728682170543,14.0,1.9166666666666667,<7 h,Sunday
4558609924,2016-05-08 00:00:00,1.0,123.0,134.0,2016-05-08,0.917910447761194,11.0,2.05,<7 h,Sunday
4702921684,2016-04-12 00:00:00,1.0,425.0,439.0,2016-04-12,0.9681093394077449,14.0,7.083333333333333,7 to <9 h,Tuesday
4702921684,2016-04-13 00:00:00,2.0,400.0,430.0,2016-04-13,0.9302325581395349,30.0,6.666666666666667,<7 h,Wednesday
4702921684,2016-04-14 00:00:00,1.0,384.0,415.0,2016-04-14,0.9253012048192771,31.0,6.4,<7 h,Thursday
4702921684,2016-04-15 00:00:00,1.0,253.0,257.0,2016-04-15,0.9844357976653697,4.0,4.216666666666667,<7 h,Friday
4702921684,2016-04-16 00:00:00,2.0,382.0,406.0,2016-04-16,0.9408866995073891,24.0,6.366666666666666,<7 h,Saturday
4702921684,2016-04-17 00:00:00,1.0,591.0,612.0,2016-04-17,0.9656862745098039,21.0,9.85,9+ h,Sunday
4702921684,2016-04-18 00:00:00,1.0,293.0,312.0,2016-04-18,0.9391025641025641,19.0,4.883333333333334,<7 h,Monday
4702921684,2016-04-19 00:00:00,1.0,457.0,487.0,2016-04-19,0.9383983572895277,30.0,7.616666666666666,7 to <9 h,Tuesday
4702921684,2016-04-20 00:00:00,1.0,454.0,468.0,2016-04-20,0.9700854700854701,14.0,7.566666666666666,7 to <9 h,Wednesday
4702921684,2016-04-21 00:00:00,1.0,425.0,434.0,2016-04-21,0.9792626728110599,9.0,7.083333333333333,7 to <9 h,Thursday
4702921684,2016-04-23 00:00:00,1.0,465.0,475.0,2016-04-23,0.9789473684210527,10.0,7.75,7 to <9 h,Saturday
4702921684,2016-04-24 00:00:00,1.0,480.0,506.0,2016-04-24,0.9486166007905138,26.0,8.0,7 to <9 h,Sunday
4702921684,2016-04-25 00:00:00,1.0,370.0,380.0,2016-04-25,0.9736842105263158,10.0,6.166666666666667,<7 h,Monday
4702921684,2016-04-26 00:00:00,1.0,421.0,429.0,2016-04-26,0.9813519813519813,8.0,7.016666666666667,7 to <9 h,Tuesday
4702921684,2016-04-27 00:00:00,1.0,432.0,449.0,2016-04-27,0.9621380846325167,17.0,7.2,7 to <9 h,Wednesday
4702921684,2016-04-28 00:00:00,1.0,442.0,461.0,2016-04-28,0.9587852494577006,19.0,7.366666666666666,7 to <9 h,Thursday
4702921684,2016-04-29 00:00:00,1.0,433.0,447.0,2016-04-29,0.9686800894854586,14.0,7.216666666666667,7 to <9 h,Friday
4702921684,2016-04-30 00:00:00,1.0,479.0,501.0,2016-04-30,0.9560878243512974,22.0,7.983333333333333,7 to <9 h,Saturday
4702921684,2016-05-03 00:00:00,1.0,327.0,373.0,2016-05-03,0.8766756032171582,46.0,5.45,<7 h,Tuesday
4702921684,2016-05-04 00:00:00,1.0,412.0,434.0,2016-05-04,0.9493087557603687,22.0,6.866666666666666,<7 h,Wednesday
4702921684,2016-05-05 00:00:00,1.0,414.0,428.0,2016-05-05,0.9672897196261683,14.0,6.9,<7 h,Thursday
4702921684,2016-05-06 00:00:00,1.0,404.0,449.0,2016-05-06,0.8997772828507795,45.0,6.733333333333333,<7 h,Friday
4702921684,2016-05-07 00:00:00,1.0,520.0,543.0,2016-05-07,0.9576427255985267,23.0,8.666666666666666,7 to <9 h,Saturday
4702921684,2016-05-09 00:00:00,1.0,435.0,458.0,2016-05-09,0.9497816593886463,23.0,7.25,7 to <9 h,Monday
4702921684,2016-05-10 00:00:00,1.0,416.0,431.0,2016-05-10,0.9651972157772621,15.0,6.933333333333334,<7 h,Tuesday
4702921684,2016-05-11 00:00:00,1.0,354.0,366.0,2016-05-11,0.9672131147540983,12.0,5.9,<7 h,Wednesday
4702921684,2016-05-12 00:00:00,1.0,404.0,442.0,2016-05-12,0.9140271493212669,38.0,6.733333333333333,<7 h,Thursday
5553957443,2016-04-12 00:00:00,1.0,441.0,464.0,2016-04-12,0.9504310344827587,23.0,7.35,7 to <9 h,Tuesday
5553957443,2016-04-13 00:00:00,2.0,455.0,488.0,2016-04-13,0.9323770491803278,33.0,7.583333333333333,7 to <9 h,Wednesday
5553957443,2016-04-14 00:00:00,1.0,357.0,418.0,2016-04-14,0.854066985645933,61.0,5.95,<7 h,Thursday
5553957443,2016-04-15 00:00:00,1.0,377.0,409.0,2016-04-15,0.921760391198044,32.0,6.283333333333333,<7 h,Friday
5553957443,2016-04-16 00:00:00,2.0,651.0,686.0,2016-04-16,0.9489795918367347,35.0,10.85,9+ h,Saturday
5553957443,2016-04-17 00:00:00,1.0,350.0,402.0,2016-04-17,0.8706467661691543,52.0,5.833333333333333,<7 h,Sunday
5553957443,2016-04-18 00:00:00,2.0,520.0,541.0,2016-04-18,0.9611829944547134,21.0,8.666666666666666,7 to <9 h,Monday
5553957443,2016-04-19 00:00:00,1.0,357.0,410.0,2016-04-19,0.8707317073170732,53.0,5.95,<7 h,Tuesday
5553957443,2016-04-20 00:00:00,1.0,658.0,678.0,2016-04-20,0.9705014749262537,20.0,10.966666666666667,9+ h,Wednesday
5553957443,2016-04-21 00:00:00,1.0,399.0,431.0,2016-04-21,0.925754060324826,32.0,6.65,<7 h,Thursday
5553957443,2016-04-22 00:00:00,1.0,322.0,353.0,2016-04-22,0.9121813031161473,31.0,5.366666666666666,<7 h,Friday
5553957443,2016-04-23 00:00:00,2.0,631.0,725.0,2016-04-23,0.8703448275862069,94.0,10.516666666666667,9+ h,Saturday
5553957443,2016-04-24 00:00:00,2.0,553.0,640.0,2016-04-24,0.8640625,87.0,9.216666666666667,9+ h,Sunday
5553957443,2016-04-25 00:00:00,1.0,433.0,468.0,2016-04-25,0.9252136752136753,35.0,7.216666666666667,7 to <9 h,Monday
5553957443,2016-04-26 00:00:00,1.0,412.0,453.0,2016-04-26,0.9094922737306843,41.0,6.866666666666666,<7 h,Tuesday
5553957443,2016-04-27 00:00:00,1.0,347.0,391.0,2016-04-27,0.887468030690537,44.0,5.783333333333333,<7 h,Wednesday
5553957443,2016-04-28 00:00:00,1.0,421.0,457.0,2016-04-28,0.9212253829321663,36.0,7.016666666666667,7 to <9 h,Thursday
5553957443,2016-04-29 00:00:00,1.0,450.0,495.0,2016-04-29,0.9090909090909091,45.0,7.5,7 to <9 h,Friday
5553957443,2016-04-30 00:00:00,2.0,775.0,843.0,2016-04-30,0.9193357058125742,68.0,12.916666666666666,9+ h,Saturday
5553957443,2016-05-01 00:00:00,2.0,622.0,686.0,2016-05-01,0.9067055393586005,64.0,10.366666666666667,9+ h,Sunday
5553957443,2016-05-02 00:00:00,1.0,409.0,471.0,2016-05-02,0.8683651804670913,62.0,6.816666666666666,<7 h,Monday
5553957443,2016-05-03 00:00:00,1.0,380.0,429.0,2016-05-03,0.8857808857808858,49.0,6.333333333333333,<7 h,Tuesday
5553957443,2016-05-04 00:00:00,1.0,447.0,470.0,2016-05-04,0.951063829787234,23.0,7.45,7 to <9 h,Wednesday
5553957443,2016-05-05 00:00:00,1.0,419.0,464.0,2016-05-05,0.9030172413793104,45.0,6.983333333333333,<7 h,Thursday
5553957443,2016-05-06 00:00:00,1.0,400.0,434.0,2016-05-06,0.9216589861751152,34.0,6.666666666666667,<7 h,Friday
5553957443,2016-05-07 00:00:00,1.0,442.0,470.0,2016-05-07,0.9404255319148936,28.0,7.366666666666666,7 to <9 h,Saturday
5553957443,2016-05-08 00:00:00,1.0,568.0,608.0,2016-05-08,0.9342105263157895,40.0,9.466666666666667,9+ h,Sunday
5553957443,2016-05-09 00:00:00,1.0,453.0,494.0,2016-05-09,0.917004048582996,41.0,7.55,7 to <9 h,Monday
5553957443,2016-05-10 00:00:00,1.0,418.0,443.0,2016-05-10,0.9435665914221218,25.0,6.966666666666667,<7 h,Tuesday
5553957443,2016-05-11 00:00:00,1.0,463.0,486.0,2016-05-11,0.9526748971193416,23.0,7.716666666666667,7 to <9 h,Wednesday
5553957443,2016-05-12 00:00:00,1.0,438.0,475.0,2016-05-12,0.9221052631578948,37.0,7.3,7 to <9 h,Thursday
5577150313,2016-04-12 00:00:00,1.0,419.0,438.0,2016-04-12,0.95662100456621,19.0,6.983333333333333,<7 h,Tuesday
5577150313,2016-04-13 00:00:00,1.0,432.0,458.0,2016-04-13,0.9432314410480349,26.0,7.2,7 to <9 h,Wednesday
5577150313,2016-04-14 00:00:00,1.0,477.0,497.0,2016-04-14,0.959758551307847,20.0,7.95,7 to <9 h,Thursday
5577150313,2016-04-15 00:00:00,1.0,392.0,413.0,2016-04-15,0.9491525423728814,21.0,6.533333333333333,<7 h,Friday
5577150313,2016-04-16 00:00:00,1.0,406.0,445.0,2016-04-16,0.9123595505617977,39.0,6.766666666666667,<7 h,Saturday
5577150313,2016-04-17 00:00:00,1.0,549.0,583.0,2016-04-17,0.9416809605488851,34.0,9.15,9+ h,Sunday
5577150313,2016-04-18 00:00:00,1.0,527.0,553.0,2016-04-18,0.9529837251356239,26.0,8.783333333333333,7 to <9 h,Monday
5577150313,2016-04-19 00:00:00,1.0,449.0,465.0,2016-04-19,0.9655913978494624,16.0,7.483333333333333,7 to <9 h,Tuesday
5577150313,2016-04-20 00:00:00,1.0,447.0,480.0,2016-04-20,0.93125,33.0,7.45,7 to <9 h,Wednesday
5577150313,2016-04-21 00:00:00,1.0,414.0,437.0,2016-04-21,0.9473684210526315,23.0,6.9,<7 h,Thursday
5577150313,2016-04-22 00:00:00,1.0,338.0,366.0,2016-04-22,0.9234972677595629,28.0,5.633333333333334,<7 h,Friday
5577150313,2016-04-23 00:00:00,1.0,384.0,402.0,2016-04-23,0.9552238805970149,18.0,6.4,<7 h,Saturday
5577150313,2016-04-24 00:00:00,1.0,543.0,615.0,2016-04-24,0.8829268292682927,72.0,9.05,9+ h,Sunday
5577150313,2016-04-25 00:00:00,1.0,421.0,461.0,2016-04-25,0.913232104121475,40.0,7.016666666666667,7 to <9 h,Monday
5577150313,2016-04-26 00:00:00,1.0,354.0,377.0,2016-04-26,0.9389920424403183,23.0,5.9,<7 h,Tuesday
5577150313,2016-04-27 00:00:00,1.0,424.0,452.0,2016-04-27,0.9380530973451328,28.0,7.066666666666666,7 to <9 h,Wednesday
5577150313,2016-04-28 00:00:00,1.0,361.0,372.0,2016-04-28,0.9704301075268817,11.0,6.016666666666667,<7 h,Thursday
5577150313,2016-04-29 00:00:00,1.0,459.0,485.0,2016-04-29,0.9463917525773196,26.0,7.65,7 to <9 h,Friday
5577150313,2016-04-30 00:00:00,1.0,412.0,433.0,2016-04-30,0.9515011547344111,21.0,6.866666666666666,<7 h,Saturday
5577150313,2016-05-01 00:00:00,1.0,379.0,398.0,2016-05-01,0.9522613065326633,19.0,6.316666666666666,<7 h,Sunday
5577150313,2016-05-02 00:00:00,2.0,525.0,553.0,2016-05-02,0.9493670886075949,28.0,8.75,7 to <9 h,Monday
5577150313,2016-05-03 00:00:00,1.0,508.0,543.0,2016-05-03,0.9355432780847146,35.0,8.466666666666667,7 to <9 h,Tuesday
5577150313,2016-05-04 00:00:00,1.0,603.0,634.0,2016-05-04,0.9511041009463722,31.0,10.05,9+ h,Wednesday
5577150313,2016-05-05 00:00:00,1.0,74.0,78.0,2016-05-05,0.9487179487179487,4.0,1.2333333333333334,<7 h,Thursday
5577150313,2016-05-10 00:00:00,1.0,504.0,562.0,2016-05-10,0.896797153024911,58.0,8.4,7 to <9 h,Tuesday
5577150313,2016-05-11 00:00:00,1.0,431.0,476.0,2016-05-11,0.9054621848739496,45.0,7.183333333333334,7 to <9 h,Wednesday
6117666160,2016-04-16 00:00:00,1.0,380.0,398.0,2016-04-16,0.9547738693467337,18.0,6.333333333333333,<7 h,Saturday
6117666160,2016-04-17 00:00:00,2.0,336.0,350.0,2016-04-17,0.96,14.0,5.6,<7 h,Sunday
6117666160,2016-04-18 00:00:00,2.0,493.0,510.0,2016-04-18,0.9666666666666667,17.0,8.216666666666667,7 to <9 h,Monday
6117666160,2016-04-19 00:00:00,1.0,465.0,492.0,2016-04-19,0.9451219512195121,27.0,7.75,7 to <9 h,Tuesday
6117666160,2016-04-20 00:00:00,1.0,474.0,502.0,2016-04-20,0.9442231075697212,28.0,7.9,7 to <9 h,Wednesday
6117666160,2016-04-21 00:00:00,1.0,508.0,550.0,2016-04-21,0.9236363636363636,42.0,8.466666666666667,7 to <9 h,Thursday
6117666160,2016-04-22 00:00:00,1.0,480.0,546.0,2016-04-22,0.8791208791208791,66.0,8.0,7 to <9 h,Friday
6117666160,2016-04-23 00:00:00,1.0,492.0,539.0,2016-04-23,0.9128014842300557,47.0,8.2,7 to <9 h,Saturday
6117666160,2016-04-24 00:00:00,1.0,353.0,367.0,2016-04-24,0.9618528610354223,14.0,5.883333333333334,<7 h,Sunday
6117666160,2016-04-27 00:00:00,1.0,542.0,557.0,2016-04-27,0.9730700179533214,15.0,9.033333333333333,9+ h,Wednesday
6117666160,2016-04-28 00:00:00,1.0,393.0,416.0,2016-04-28,0.9447115384615384,23.0,6.55,<7 h,Thursday
6117666160,2016-04-29 00:00:00,1.0,600.0,636.0,2016-04-29,0.9433962264150944,36.0,10.0,9+ h,Friday
6117666160,2016-05-01 00:00:00,1.0,507.0,575.0,2016-05-01,0.8817391304347826,68.0,8.45,7 to <9 h,Sunday
6117666160,2016-05-05 00:00:00,1.0,392.0,415.0,2016-05-05,0.944578313253012,23.0,6.533333333333333,<7 h,Thursday
6117666160,2016-05-06 00:00:00,2.0,658.0,698.0,2016-05-06,0.9426934097421203,40.0,10.966666666666667,9+ h,Friday
6117666160,2016-05-07 00:00:00,2.0,498.0,507.0,2016-05-07,0.9822485207100592,9.0,8.3,7 to <9 h,Saturday
6117666160,2016-05-08 00:00:00,1.0,555.0,603.0,2016-05-08,0.9203980099502488,48.0,9.25,9+ h,Sunday
6117666160,2016-05-09 00:00:00,1.0,492.0,522.0,2016-05-09,0.9425287356321839,30.0,8.2,7 to <9 h,Monday
6775888955,2016-04-13 00:00:00,1.0,235.0,260.0,2016-04-13,0.9038461538461539,25.0,3.9166666666666665,<7 h,Wednesday
6775888955,2016-04-14 00:00:00,1.0,423.0,441.0,2016-04-14,0.9591836734693877,18.0,7.05,7 to <9 h,Thursday
6775888955,2016-04-15 00:00:00,1.0,391.0,406.0,2016-04-15,0.9630541871921182,15.0,6.516666666666667,<7 h,Friday
6962181067,2016-04-12 00:00:00,1.0,366.0,387.0,2016-04-12,0.9457364341085271,21.0,6.1,<7 h,Tuesday
6962181067,2016-04-13 00:00:00,3.0,630.0,679.0,2016-04-13,0.9278350515463918,49.0,10.5,9+ h,Wednesday
6962181067,2016-04-14 00:00:00,2.0,508.0,535.0,2016-04-14,0.9495327102803738,27.0,8.466666666666667,7 to <9 h,Thursday
6962181067,2016-04-15 00:00:00,1.0,370.0,386.0,2016-04-15,0.9585492227979274,16.0,6.166666666666667,<7 h,Friday
6962181067,2016-04-16 00:00:00,1.0,357.0,366.0,2016-04-16,0.9754098360655737,9.0,5.95,<7 h,Saturday
6962181067,2016-04-17 00:00:00,1.0,427.0,446.0,2016-04-17,0.9573991031390134,19.0,7.116666666666666,7 to <9 h,Sunday
6962181067,2016-04-18 00:00:00,1.0,442.0,458.0,2016-04-18,0.9650655021834061,16.0,7.366666666666666,7 to <9 h,Monday
6962181067,2016-04-19 00:00:00,1.0,476.0,535.0,2016-04-19,0.8897196261682243,59.0,7.933333333333334,7 to <9 h,Tuesday
6962181067,2016-04-20 00:00:00,1.0,418.0,424.0,2016-04-20,0.9858490566037735,6.0,6.966666666666667,<7 h,Wednesday
6962181067,2016-04-21 00:00:00,1.0,451.0,457.0,2016-04-21,0.986870897155361,6.0,7.516666666666667,7 to <9 h,Thursday
6962181067,2016-04-22 00:00:00,1.0,425.0,435.0,2016-04-22,0.9770114942528736,10.0,7.083333333333333,7 to <9 h,Friday
6962181067,2016-04-23 00:00:00,1.0,528.0,546.0,2016-04-23,0.967032967032967,18.0,8.8,7 to <9 h,Saturday
6962181067,2016-04-24 00:00:00,1.0,511.0,514.0,2016-04-24,0.9941634241245136,3.0,8.516666666666667,7 to <9 h,Sunday
6962181067,2016-04-25 00:00:00,1.0,400.0,415.0,2016-04-25,0.963855421686747,15.0,6.666666666666667,<7 h,Monday
6962181067,2016-04-26 00:00:00,1.0,441.0,446.0,2016-04-26,0.9887892376681614,5.0,7.35,7 to <9 h,Tuesday
6962181067,2016-04-27 00:00:00,1.0,455.0,467.0,2016-04-27,0.974304068522484,12.0,7.583333333333333,7 to <9 h,Wednesday
6962181067,2016-04-28 00:00:00,1.0,440.0,453.0,2016-04-28,0.9713024282560706,13.0,7.333333333333333,7 to <9 h,Thursday
6962181067,2016-04-29 00:00:00,1.0,433.0,447.0,2016-04-29,0.9686800894854586,14.0,7.216666666666667,7 to <9 h,Friday
6962181067,2016-04-30 00:00:00,1.0,422.0,424.0,2016-04-30,0.9952830188679245,2.0,7.033333333333333,7 to <9 h,Saturday
6962181067,2016-05-01 00:00:00,1.0,411.0,426.0,2016-05-01,0.9647887323943662,15.0,6.85,<7 h,Sunday
6962181067,2016-05-02 00:00:00,1.0,466.0,482.0,2016-05-02,0.966804979253112,16.0,7.766666666666667,7 to <9 h,Monday
6962181067,2016-05-03 00:00:00,1.0,394.0,418.0,2016-05-03,0.9425837320574163,24.0,6.566666666666666,<7 h,Tuesday
6962181067,2016-05-04 00:00:00,1.0,442.0,455.0,2016-05-04,0.9714285714285714,13.0,7.366666666666666,7 to <9 h,Wednesday
6962181067,2016-05-05 00:00:00,1.0,467.0,491.0,2016-05-05,0.9511201629327902,24.0,7.783333333333333,7 to <9 h,Thursday
6962181067,2016-05-06 00:00:00,1.0,443.0,462.0,2016-05-06,0.9588744588744589,19.0,7.383333333333334,7 to <9 h,Friday
6962181067,2016-05-07 00:00:00,1.0,298.0,334.0,2016-05-07,0.8922155688622755,36.0,4.966666666666667,<7 h,Saturday
6962181067,2016-05-08 00:00:00,1.0,541.0,569.0,2016-05-08,0.9507908611599297,28.0,9.016666666666667,9+ h,Sunday
6962181067,2016-05-09 00:00:00,1.0,489.0,497.0,2016-05-09,0.9839034205231388,8.0,8.15,7 to <9 h,Monday
6962181067,2016-05-10 00:00:00,1.0,469.0,481.0,2016-05-10,0.975051975051975,12.0,7.816666666666666,7 to <9 h,Tuesday
6962181067,2016-05-11 00:00:00,1.0,452.0,480.0,2016-05-11,0.9416666666666667,28.0,7.533333333333333,7 to <9 h,Wednesday
6962181067,2016-05-12 00:00:00,1.0,516.0,535.0,2016-05-12,0.9644859813084112,19.0,8.6,7 to <9 h,Thursday
7007744171,2016-04-16 00:00:00,1.0,79.0,82.0,2016-04-16,0.9634146341463414,3.0,1.3166666666666667,<7 h,Saturday
7007744171,2016-05-01 00:00:00,1.0,58.0,61.0,2016-05-01,0.9508196721311475,3.0,0.9666666666666667,<7 h,Sunday
7086361926,2016-04-12 00:00:00,1.0,514.0,525.0,2016-04-12,0.979047619047619,11.0,8.566666666666666,7 to <9 h,Tuesday
7086361926,2016-04-13 00:00:00,1.0,451.0,465.0,2016-04-13,0.9698924731182795,14.0,7.516666666666667,7 to <9 h,Wednesday
7086361926,2016-04-14 00:00:00,1.0,472.0,476.0,2016-04-14,0.9915966386554622,4.0,7.866666666666666,7 to <9 h,Thursday
7086361926,2016-04-15 00:00:00,1.0,377.0,386.0,2016-04-15,0.9766839378238342,9.0,6.283333333333333,<7 h,Friday
7086361926,2016-04-19 00:00:00,1.0,472.0,483.0,2016-04-19,0.9772256728778468,11.0,7.866666666666666,7 to <9 h,Tuesday
7086361926,2016-04-20 00:00:00,1.0,492.0,502.0,2016-04-20,0.9800796812749004,10.0,8.2,7 to <9 h,Wednesday
7086361926,2016-04-21 00:00:00,1.0,390.0,411.0,2016-04-21,0.948905109489051,21.0,6.5,<7 h,Thursday
7086361926,2016-04-22 00:00:00,1.0,428.0,448.0,2016-04-22,0.9553571428571429,20.0,7.133333333333334,7 to <9 h,Friday
7086361926,2016-04-24 00:00:00,1.0,681.0,704.0,2016-04-24,0.9673295454545454,23.0,11.35,9+ h,Sunday
7086361926,2016-04-25 00:00:00,1.0,446.0,447.0,2016-04-25,0.9977628635346756,1.0,7.433333333333334,7 to <9 h,Monday
7086361926,2016-04-26 00:00:00,1.0,485.0,500.0,2016-04-26,0.97,15.0,8.083333333333334,7 to <9 h,Tuesday
7086361926,2016-04-27 00:00:00,1.0,469.0,479.0,2016-04-27,0.9791231732776617,10.0,7.816666666666666,7 to <9 h,Wednesday
7086361926,2016-04-28 00:00:00,1.0,354.0,367.0,2016-04-28,0.9645776566757494,13.0,5.9,<7 h,Thursday
7086361926,2016-04-30 00:00:00,1.0,485.0,489.0,2016-04-30,0.9918200408997955,4.0,8.083333333333334,7 to <9 h,Saturday
7086361926,2016-05-01 00:00:00,1.0,388.0,407.0,2016-05-01,0.9533169533169533,19.0,6.466666666666667,<7 h,Sunday
7086361926,2016-05-02 00:00:00,1.0,440.0,459.0,2016-05-02,0.9586056644880174,19.0,7.333333333333333,7 to <9 h,Monday
7086361926,2016-05-03 00:00:00,1.0,456.0,461.0,2016-05-03,0.9891540130151844,5.0,7.6,7 to <9 h,Tuesday
7086361926,2016-05-04 00:00:00,1.0,420.0,436.0,2016-05-04,0.963302752293578,16.0,7.0,7 to <9 h,Wednesday
7086361926,2016-05-06 00:00:00,1.0,322.0,333.0,2016-05-06,0.9669669669669669,11.0,5.366666666666666,<7 h,Friday
7086361926,2016-05-07 00:00:00,1.0,530.0,548.0,2016-05-07,0.9671532846715328,18.0,8.833333333333334,7 to <9 h,Saturday
7086361926,2016-05-08 00:00:00,1.0,481.0,510.0,2016-05-08,0.9431372549019608,29.0,8.016666666666667,7 to <9 h,Sunday
7086361926,2016-05-09 00:00:00,1.0,427.0,438.0,2016-05-09,0.9748858447488584,11.0,7.116666666666666,7 to <9 h,Monday
7086361926,2016-05-11 00:00:00,1.0,451.0,463.0,2016-05-11,0.9740820734341252,12.0,7.516666666666667,7 to <9 h,Wednesday
7086361926,2016-05-12 00:00:00,1.0,444.0,457.0,2016-05-12,0.9715536105032823,13.0,7.4,7 to <9 h,Thursday
8053475328,2016-04-20 00:00:00,1.0,486.0,493.0,2016-04-20,0.9858012170385395,7.0,8.1,7 to <9 h,Wednesday
8053475328,2016-04-23 00:00:00,1.0,331.0,337.0,2016-04-23,0.9821958456973294,6.0,5.516666666666667,<7 h,Saturday
8053475328,2016-05-07 00:00:00,1.0,74.0,75.0,2016-05-07,0.9866666666666667,1.0,1.2333333333333334,<7 h,Saturday
8378563200,2016-04-12 00:00:00,1.0,338.0,356.0,2016-04-12,0.949438202247191,18.0,5.633333333333334,<7 h,Tuesday
8378563200,2016-04-13 00:00:00,2.0,447.0,487.0,2016-04-13,0.917864476386037,40.0,7.45,7 to <9 h,Wednesday
8378563200,2016-04-14 00:00:00,1.0,424.0,455.0,2016-04-14,0.9318681318681319,31.0,7.066666666666666,7 to <9 h,Thursday
8378563200,2016-04-15 00:00:00,1.0,513.0,533.0,2016-04-15,0.9624765478424016,20.0,8.55,7 to <9 h,Friday
8378563200,2016-04-16 00:00:00,2.0,611.0,689.0,2016-04-16,0.8867924528301887,78.0,10.183333333333334,9+ h,Saturday
8378563200,2016-04-17 00:00:00,2.0,525.0,591.0,2016-04-17,0.8883248730964467,66.0,8.75,7 to <9 h,Sunday
8378563200,2016-04-18 00:00:00,1.0,398.0,451.0,2016-04-18,0.8824833702882483,53.0,6.633333333333334,<7 h,Monday
8378563200,2016-04-19 00:00:00,1.0,387.0,421.0,2016-04-19,0.9192399049881235,34.0,6.45,<7 h,Tuesday
8378563200,2016-04-20 00:00:00,1.0,381.0,409.0,2016-04-20,0.9315403422982885,28.0,6.35,<7 h,Wednesday
8378563200,2016-04-21 00:00:00,1.0,396.0,417.0,2016-04-21,0.9496402877697842,21.0,6.6,<7 h,Thursday
8378563200,2016-04-22 00:00:00,1.0,441.0,469.0,2016-04-22,0.9402985074626866,28.0,7.35,7 to <9 h,Friday
8378563200,2016-04-23 00:00:00,1.0,565.0,591.0,2016-04-23,0.9560067681895094,26.0,9.416666666666666,9+ h,Saturday
8378563200,2016-04-24 00:00:00,1.0,458.0,492.0,2016-04-24,0.9308943089430894,34.0,7.633333333333334,7 to <9 h,Sunday
8378563200,2016-04-25 00:00:00,1.0,388.0,402.0,2016-04-25,0.9651741293532339,14.0,6.466666666666667,<7 h,Monday
8378563200,2016-04-26 00:00:00,1.0,550.0,584.0,2016-04-26,0.9417808219178082,34.0,9.166666666666666,9+ h,Tuesday
8378563200,2016-04-27 00:00:00,1.0,531.0,600.0,2016-04-27,0.885,69.0,8.85,7 to <9 h,Wednesday
8378563200,2016-04-28 00:00:00,1.0,506.0,556.0,2016-04-28,0.9100719424460432,50.0,8.433333333333334,7 to <9 h,Thursday
8378563200,2016-04-29 00:00:00,1.0,527.0,562.0,2016-04-29,0.9377224199288257,35.0,8.783333333333333,7 to <9 h,Friday
8378563200,2016-04-30 00:00:00,1.0,468.0,555.0,2016-04-30,0.8432432432432433,87.0,7.8,7 to <9 h,Saturday
8378563200,2016-05-01 00:00:00,1.0,475.0,539.0,2016-05-01,0.8812615955473099,64.0,7.916666666666667,7 to <9 h,Sunday
8378563200,2016-05-02 00:00:00,1.0,351.0,385.0,2016-05-02,0.9116883116883117,34.0,5.85,<7 h,Monday
8378563200,2016-05-03 00:00:00,1.0,405.0,429.0,2016-05-03,0.9440559440559441,24.0,6.75,<7 h,Tuesday
8378563200,2016-05-04 00:00:00,1.0,441.0,477.0,2016-05-04,0.9245283018867925,36.0,7.35,7 to <9 h,Wednesday
8378563200,2016-05-05 00:00:00,1.0,381.0,417.0,2016-05-05,0.9136690647482014,36.0,6.35,<7 h,Thursday
8378563200,2016-05-06 00:00:00,1.0,323.0,355.0,2016-05-06,0.9098591549295775,32.0,5.383333333333334,<7 h,Friday
8378563200,2016-05-07 00:00:00,2.0,459.0,513.0,2016-05-07,0.8947368421052632,54.0,7.65,7 to <9 h,Saturday
8378563200,2016-05-08 00:00:00,1.0,545.0,606.0,2016-05-08,0.8993399339933993,61.0,9.083333333333334,9+ h,Sunday
8378563200,2016-05-09 00:00:00,1.0,359.0,399.0,2016-05-09,0.899749373433584,40.0,5.983333333333333,<7 h,Monday
8378563200,2016-05-10 00:00:00,1.0,342.0,391.0,2016-05-10,0.8746803069053708,49.0,5.7,<7 h,Tuesday
8378563200,2016-05-11 00:00:00,1.0,368.0,387.0,2016-05-11,0.9509043927648578,19.0,6.133333333333334,<7 h,Wednesday
8378563200,2016-05-12 00:00:00,1.0,496.0,546.0,2016-05-12,0.9084249084249084,50.0,8.266666666666667,7 to <9 h,Thursday
8792009665,2016-04-12 00:00:00,1.0,458.0,493.0,2016-04-12,0.9290060851926978,35.0,7.633333333333334,7 to <9 h,Tuesday
8792009665,2016-04-13 00:00:00,1.0,531.0,552.0,2016-04-13,0.9619565217391305,21.0,8.85,7 to <9 h,Wednesday
8792009665,2016-04-14 00:00:00,1.0,486.0,503.0,2016-04-14,0.9662027833001988,17.0,8.1,7 to <9 h,Thursday
8792009665,2016-04-15 00:00:00,1.0,363.0,377.0,2016-04-15,0.9628647214854111,14.0,6.05,<7 h,Friday
8792009665,2016-04-20 00:00:00,1.0,528.0,547.0,2016-04-20,0.9652650822669104,19.0,8.8,7 to <9 h,Wednesday
8792009665,2016-04-22 00:00:00,1.0,391.0,407.0,2016-04-22,0.9606879606879607,16.0,6.516666666666667,<7 h,Friday
8792009665,2016-04-23 00:00:00,1.0,339.0,360.0,2016-04-23,0.9416666666666667,21.0,5.65,<7 h,Saturday
8792009665,2016-04-27 00:00:00,1.0,423.0,428.0,2016-04-27,0.9883177570093458,5.0,7.05,7 to <9 h,Wednesday
8792009665,2016-04-28 00:00:00,1.0,402.0,416.0,2016-04-28,0.9663461538461539,14.0,6.7,<7 h,Thursday
8792009665,2016-04-29 00:00:00,1.0,398.0,406.0,2016-04-29,0.9802955665024631,8.0,6.633333333333334,<7 h,Friday
8792009665,2016-04-30 00:00:00,1.0,343.0,360.0,2016-04-30,0.9527777777777777,17.0,5.716666666666667,<7 h,Saturday
8792009665,2016-05-01 00:00:00,1.0,503.0,527.0,2016-05-01,0.9544592030360531,24.0,8.383333333333333,7 to <9 h,Sunday
8792009665,2016-05-02 00:00:00,1.0,415.0,423.0,2016-05-02,0.9810874704491725,8.0,6.916666666666667,<7 h,Monday
8792009665,2016-05-03 00:00:00,1.0,516.0,545.0,2016-05-03,0.9467889908256881,29.0,8.6,7 to <9 h,Tuesday
8792009665,2016-05-04 00:00:00,1.0,439.0,463.0,2016-05-04,0.9481641468682506,24.0,7.316666666666666,7 to <9 h,Wednesday
