seconds,intervals
5.0,868956
10.0,622040
15.0,557885
3.0,245262
1.0,120929
2.0,65203
6.0,697
7.0,277
45.0,213
4.0,196
8.0,129
35.0,85
9.0,82
40.0,79
75.0,55
105.0,25
11.0,25
135.0,24
70.0,24
13.0,23
195.0,20
16.0,19
130.0,18
50.0,18
14.0,17
65.0,16
20.0,15
160.0,14
125.0,14
17.0,14
165.0,13
18.0,13
525.0,12
95.0,12
12.0,12
250.0,11
225.0,11
190.0,11
185.0,11
85.0,11
21.0,11
19.0,11
140.0,10
310.0,9
220.0,9
175.0,9
615.0,8
425.0,8
315.0,8
255.0,8
245.0,8
200.0,8
31.0,8
23.0,8
22.0,8
260.0,7
145.0,7
115.0,7
110.0,7
90.0,7
80.0,7
41.0,7
550.0,6
305.0,6
275.0,6
76.0,6
36.0,6
25.0,6
855.0,5
675.0,5
610.0,5
490.0,5
375.0,5
370.0,5
345.0,5
340.0,5
300.0,5
280.0,5
100.0,5
66.0,5
56.0,5
51.0,5
47.0,5
1900.0,4
905.0,4
885.0,4
790.0,4
785.0,4
645.0,4
505.0,4
435.0,4
430.0,4
410.0,4
385.0,4
210.0,4
205.0,4
170.0,4
155.0,4
150.0,4
55.0,4
46.0,4
38.0,4
37.0,4
24.0,4
2290.0,3
1965.0,3
1745.0,3
1570.0,3
1515.0,3
1205.0,3
1150.0,3
1060.0,3
945.0,3
925.0,3
920.0,3
860.0,3
850.0,3
760.0,3
730.0,3
705.0,3
665.0,3
575.0,3
555.0,3
495.0,3
485.0,3
415.0,3
400.0,3
350.0,3
295.0,3
290.0,3
285.0,3
270.0,3
265.0,3
230.0,3
126.0,3
101.0,3
96.0,3
61.0,3
32.0,3
30.0,3
29.0,3
27.0,3
41290.0,2
14535.0,2
5175.0,2
4810.0,2
3705.0,2
3680.0,2
3265.0,2
3195.0,2
2845.0,2
2475.0,2
2315.0,2
2110.0,2
1875.0,2
1755.0,2
1725.0,2
1640.0,2
1580.0,2
1545.0,2
1450.0,2
1415.0,2
1360.0,2
1335.0,2
1285.0,2
1275.0,2
1265.0,2
1225.0,2
1215.0,2
1145.0,2
1125.0,2
1100.0,2
1065.0,2
1045.0,2
1035.0,2
1010.0,2
985.0,2
980.0,2
975.0,2
970.0,2
935.0,2
915.0,2
910.0,2
880.0,2
800.0,2
765.0,2
740.0,2
735.0,2
700.0,2
685.0,2
670.0,2
650.0,2
635.0,2
605.0,2
590.0,2
565.0,2
530.0,2
520.0,2
460.0,2
445.0,2
440.0,2
405.0,2
390.0,2
330.0,2
320.0,2
222.0,2
221.0,2
215.0,2
206.0,2
142.0,2
141.0,2
136.0,2
122.0,2
118.0,2
116.0,2
111.0,2
106.0,2
81.0,2
74.0,2
63.0,2
52.0,2
44.0,2
39.0,2
33.0,2
28.0,2
1295111.0,1
702490.0,1
630615.0,1
582170.0,1
433670.0,1
396130.0,1
242350.0,1
204911.0,1
200210.0,1
181375.0,1
135395.0,1
126165.0,1
124971.0,1
121797.0,1
116800.0,1
111740.0,1
92115.0,1
89000.0,1
86015.0,1
67705.0,1
65382.0,1
57475.0,1
56823.0,1
56710.0,1
55750.0,1
53920.0,1
53395.0,1
53350.0,1
51975.0,1
49535.0,1
46000.0,1
45805.0,1
45430.0,1
45335.0,1
45075.0,1
44280.0,1
44240.0,1
44050.0,1
43990.0,1
43960.0,1
43905.0,1
42920.0,1
41950.0,1
41805.0,1
41595.0,1
41325.0,1
41140.0,1
40450.0,1
40155.0,1
39910.0,1
39495.0,1
39450.0,1
39370.0,1
38750.0,1
38675.0,1
38584.0,1
38440.0,1
38295.0,1
37822.0,1
37750.0,1
37155.0,1
36850.0,1
36650.0,1
36065.0,1
35930.0,1
35825.0,1
35607.0,1
35445.0,1
35345.0,1
35165.0,1
34981.0,1
34955.0,1
34945.0,1
34928.0,1
34495.0,1
34455.0,1
34450.0,1
34371.0,1
34030.0,1
33984.0,1
33965.0,1
33640.0,1
33511.0,1
33116.0,1
33025.0,1
33012.0,1
32935.0,1
32730.0,1
32595.0,1
32560.0,1
32435.0,1
32390.0,1
32319.0,1
32265.0,1
32165.0,1
32030.0,1
31870.0,1
31635.0,1
31464.0,1
31348.0,1
31324.0,1
31305.0,1
31297.0,1
31275.0,1
31210.0,1
31095.0,1
30965.0,1
30920.0,1
30911.0,1
30738.0,1
30685.0,1
30615.0,1
30606.0,1
30495.0,1
30490.0,1
30405.0,1
30367.0,1
30111.0,1
30075.0,1
29992.0,1
29762.0,1
29674.0,1
29515.0,1
29376.0,1
29290.0,1
29230.0,1
29200.0,1
29140.0,1
28980.0,1
28611.0,1
28420.0,1
28005.0,1
27675.0,1
27555.0,1
27280.0,1
27247.0,1
27185.0,1
27160.0,1
27151.0,1
26865.0,1
26760.0,1
26715.0,1
26582.0,1
26560.0,1
26320.0,1
26290.0,1
26110.0,1
25990.0,1
25940.0,1
25905.0,1
25510.0,1
25365.0,1
24621.0,1
24435.0,1
23750.0,1
23475.0,1
22775.0,1
22670.0,1
21160.0,1
21125.0,1
20860.0,1
20740.0,1
20505.0,1
20445.0,1
20315.0,1
20175.0,1
20170.0,1
19990.0,1
19975.0,1
19880.0,1
19555.0,1
19536.0,1
18640.0,1
17795.0,1
17425.0,1
15285.0,1
15180.0,1
15135.0,1
14355.0,1
14140.0,1
14120.0,1
13990.0,1
13270.0,1
13210.0,1
13155.0,1
13089.0,1
13065.0,1
12875.0,1
12615.0,1
12400.0,1
12170.0,1
11945.0,1
11705.0,1
11650.0,1
11525.0,1
11475.0,1
11235.0,1
10801.0,1
10465.0,1
10450.0,1
10365.0,1
10330.0,1
10225.0,1
9650.0,1
9336.0,1
9315.0,1
9285.0,1
9235.0,1
9185.0,1
8770.0,1
8680.0,1
8095.0,1
7985.0,1
7790.0,1
7705.0,1
7690.0,1
7657.0,1
7545.0,1
7305.0,1
7090.0,1
6970.0,1
6735.0,1
6455.0,1
6290.0,1
6255.0,1
6230.0,1
6190.0,1
6095.0,1
6050.0,1
5805.0,1
5785.0,1
5755.0,1
5675.0,1
5555.0,1
5395.0,1
5355.0,1
5350.0,1
5345.0,1
5285.0,1
5255.0,1
5186.0,1
5090.0,1
5085.0,1
5025.0,1
4930.0,1
4875.0,1
4845.0,1
4700.0,1
4625.0,1
4545.0,1
4520.0,1
4480.0,1
4460.0,1
4400.0,1
4365.0,1
4340.0,1
4330.0,1
4205.0,1
4185.0,1
4180.0,1
4065.0,1
4059.0,1
4010.0,1
3945.0,1
3895.0,1
3820.0,1
3735.0,1
3726.0,1
3700.0,1
3695.0,1
3675.0,1
3635.0,1
3580.0,1
3430.0,1
3395.0,1
3370.0,1
3325.0,1
3315.0,1
3310.0,1
3250.0,1
3245.0,1
3230.0,1
3185.0,1
3130.0,1
3105.0,1
3065.0,1
3052.0,1
3020.0,1
3010.0,1
2958.0,1
2945.0,1
2920.0,1
2790.0,1
2780.0,1
2725.0,1
2720.0,1
2715.0,1
2683.0,1
2655.0,1
2649.0,1
2605.0,1
2575.0,1
2565.0,1
2480.0,1
2440.0,1
2420.0,1
2390.0,1
2330.0,1
2295.0,1
2245.0,1
2213.0,1
2205.0,1
2175.0,1
2170.0,1
2165.0,1
2105.0,1
2090.0,1
2080.0,1
2071.0,1
2060.0,1
2030.0,1
2020.0,1
1995.0,1
1985.0,1
1982.0,1
1940.0,1
1935.0,1
1925.0,1
1880.0,1
1865.0,1
1858.0,1
1845.0,1
1838.0,1
1815.0,1
1810.0,1
1780.0,1
1775.0,1
1765.0,1
1750.0,1
1730.0,1
1705.0,1
1698.0,1
1685.0,1
1664.0,1
1660.0,1
1595.0,1
1575.0,1
1567.0,1
1466.0,1
1430.0,1
1425.0,1
1423.0,1
1420.0,1
1405.0,1
1400.0,1
1395.0,1
1385.0,1
1340.0,1
1330.0,1
1310.0,1
1255.0,1
1240.0,1
1235.0,1
1220.0,1
1185.0,1
1180.0,1
1162.0,1
1160.0,1
1137.0,1
1131.0,1
1115.0,1
1095.0,1
1090.0,1
1070.0,1
1055.0,1
1030.0,1
1020.0,1
1002.0,1
995.0,1
940.0,1
865.0,1
862.0,1
854.0,1
845.0,1
840.0,1
808.0,1
798.0,1
795.0,1
778.0,1
775.0,1
772.0,1
770.0,1
764.0,1
757.0,1
755.0,1
754.0,1
745.0,1
743.0,1
742.0,1
741.0,1
720.0,1
710.0,1
702.0,1
690.0,1
689.0,1
680.0,1
679.0,1
666.0,1
640.0,1
619.0,1
595.0,1
585.0,1
584.0,1
580.0,1
560.0,1
545.0,1
537.0,1
535.0,1
515.0,1
486.0,1
478.0,1
473.0,1
470.0,1
467.0,1
465.0,1
452.0,1
450.0,1
416.0,1
403.0,1
399.0,1
380.0,1
371.0,1
366.0,1
365.0,1
360.0,1
355.0,1
353.0,1
343.0,1
336.0,1
335.0,1
325.0,1
313.0,1
307.0,1
294.0,1
292.0,1
282.0,1
241.0,1
239.0,1
235.0,1
233.0,1
227.0,1
224.0,1
223.0,1
217.0,1
216.0,1
207.0,1
203.0,1
201.0,1
198.0,1
192.0,1
180.0,1
172.0,1
161.0,1
157.0,1
156.0,1
152.0,1
151.0,1
146.0,1
137.0,1
132.0,1
127.0,1
123.0,1
121.0,1
120.0,1
113.0,1
112.0,1
109.0,1
108.0,1
102.0,1
98.0,1
94.0,1
89.0,1
87.0,1
86.0,1
83.0,1
71.0,1
68.0,1
67.0,1
62.0,1
60.0,1
59.0,1
58.0,1
57.0,1
54.0,1
53.0,1
49.0,1
48.0,1
26.0,1
