Id,ActivityDate,TotalSteps,prior_observed_steps,prior_observed_date,next_observed_date,rolling_7calendar_day_steps,running_steps
1503960366,2016-04-12,13162.0,,,2016-04-13,13162.0,13162.0
1503960366,2016-04-13,10735.0,13162.0,2016-04-12,2016-04-14,11948.5,23897.0
1503960366,2016-04-14,10460.0,10735.0,2016-04-13,2016-04-15,11452.333333333334,34357.0
1503960366,2016-04-15,9762.0,10460.0,2016-04-14,2016-04-16,11029.75,44119.0
1503960366,2016-04-16,12669.0,9762.0,2016-04-15,2016-04-17,11357.6,56788.0
1503960366,2016-04-17,9705.0,12669.0,2016-04-16,2016-04-18,11082.166666666666,66493.0
1503960366,2016-04-18,13019.0,9705.0,2016-04-17,2016-04-19,11358.857142857143,79512.0
1503960366,2016-04-19,15506.0,13019.0,2016-04-18,2016-04-20,11693.714285714286,95018.0
1503960366,2016-04-20,10544.0,15506.0,2016-04-19,2016-04-21,11666.42857142857,105562.0
1503960366,2016-04-21,9819.0,10544.0,2016-04-20,2016-04-22,11574.857142857143,115381.0
1503960366,2016-04-22,12764.0,9819.0,2016-04-21,2016-04-23,12003.714285714286,128145.0
1503960366,2016-04-23,14371.0,12764.0,2016-04-22,2016-04-24,12246.857142857143,142516.0
1503960366,2016-04-24,10039.0,14371.0,2016-04-23,2016-04-25,12294.57142857143,152555.0
1503960366,2016-04-25,15355.0,10039.0,2016-04-24,2016-04-26,12628.285714285714,167910.0
1503960366,2016-04-26,13755.0,15355.0,2016-04-25,2016-04-27,12378.142857142857,181665.0
1503960366,2016-04-27,18134.0,13755.0,2016-04-26,2016-04-28,13462.42857142857,199799.0
1503960366,2016-04-28,13154.0,18134.0,2016-04-27,2016-04-29,13938.857142857143,212953.0
1503960366,2016-04-29,11181.0,13154.0,2016-04-28,2016-04-30,13712.714285714286,224134.0
1503960366,2016-04-30,14673.0,11181.0,2016-04-29,2016-05-01,13755.857142857143,238807.0
1503960366,2016-05-01,10602.0,14673.0,2016-04-30,2016-05-02,13836.285714285714,249409.0
1503960366,2016-05-02,14727.0,10602.0,2016-05-01,2016-05-03,13746.57142857143,264136.0
1503960366,2016-05-03,15103.0,14727.0,2016-05-02,2016-05-04,13939.142857142857,279239.0
1503960366,2016-05-04,11100.0,15103.0,2016-05-03,2016-05-05,12934.285714285714,290339.0
1503960366,2016-05-05,14070.0,11100.0,2016-05-04,2016-05-06,13065.142857142857,304409.0
1503960366,2016-05-06,12159.0,14070.0,2016-05-05,2016-05-07,13204.857142857143,316568.0
1503960366,2016-05-07,11992.0,12159.0,2016-05-06,2016-05-08,12821.857142857143,328560.0
1503960366,2016-05-08,10060.0,11992.0,2016-05-07,2016-05-09,12744.42857142857,338620.0
1503960366,2016-05-09,12022.0,10060.0,2016-05-08,2016-05-10,12358.0,350642.0
1503960366,2016-05-10,12207.0,12022.0,2016-05-09,2016-05-11,11944.285714285714,362849.0
1503960366,2016-05-11,12770.0,12207.0,2016-05-10,,12182.857142857143,375619.0
1624580081,2016-04-12,8163.0,,,2016-04-13,8163.0,8163.0
1624580081,2016-04-13,7007.0,8163.0,2016-04-12,2016-04-14,7585.0,15170.0
1624580081,2016-04-14,9107.0,7007.0,2016-04-13,2016-04-15,8092.333333333333,24277.0
1624580081,2016-04-15,1510.0,9107.0,2016-04-14,2016-04-16,6446.75,25787.0
1624580081,2016-04-16,5370.0,1510.0,2016-04-15,2016-04-17,6231.4,31157.0
1624580081,2016-04-17,6175.0,5370.0,2016-04-16,2016-04-18,6222.0,37332.0
1624580081,2016-04-18,10536.0,6175.0,2016-04-17,2016-04-19,6838.285714285715,47868.0
1624580081,2016-04-19,2916.0,10536.0,2016-04-18,2016-04-20,6088.714285714285,50784.0
1624580081,2016-04-20,4974.0,2916.0,2016-04-19,2016-04-21,5798.285714285715,55758.0
1624580081,2016-04-21,6349.0,4974.0,2016-04-20,2016-04-22,5404.285714285715,62107.0
1624580081,2016-04-22,4026.0,6349.0,2016-04-21,2016-04-23,5763.714285714285,66133.0
1624580081,2016-04-23,8538.0,4026.0,2016-04-22,2016-04-24,6216.285714285715,74671.0
1624580081,2016-04-24,6076.0,8538.0,2016-04-23,2016-04-25,6202.142857142857,80747.0
1624580081,2016-04-25,6497.0,6076.0,2016-04-24,2016-04-26,5625.142857142857,87244.0
1624580081,2016-04-26,2826.0,6497.0,2016-04-25,2016-04-27,5612.285714285715,90070.0
1624580081,2016-04-27,8367.0,2826.0,2016-04-26,2016-04-28,6097.0,98437.0
1624580081,2016-04-28,2759.0,8367.0,2016-04-27,2016-04-29,5584.142857142857,101196.0
1624580081,2016-04-29,2390.0,2759.0,2016-04-28,2016-04-30,5350.428571428572,103586.0
1624580081,2016-04-30,6474.0,2390.0,2016-04-29,2016-05-01,5055.571428571428,110060.0
1624580081,2016-05-01,36019.0,6474.0,2016-04-30,2016-05-02,9333.142857142857,146079.0
1624580081,2016-05-02,7155.0,36019.0,2016-05-01,2016-05-03,9427.142857142857,153234.0
1624580081,2016-05-03,2100.0,7155.0,2016-05-02,2016-05-04,9323.42857142857,155334.0
1624580081,2016-05-04,2193.0,2100.0,2016-05-03,2016-05-05,8441.42857142857,157527.0
1624580081,2016-05-05,2470.0,2193.0,2016-05-04,2016-05-06,8400.142857142857,159997.0
1624580081,2016-05-06,1727.0,2470.0,2016-05-05,2016-05-07,8305.42857142857,161724.0
1624580081,2016-05-07,2104.0,1727.0,2016-05-06,2016-05-08,7681.142857142857,163828.0
1624580081,2016-05-08,3427.0,2104.0,2016-05-07,2016-05-09,3025.1428571428573,167255.0
1624580081,2016-05-09,1732.0,3427.0,2016-05-08,2016-05-10,2250.4285714285716,168987.0
1624580081,2016-05-10,2969.0,1732.0,2016-05-09,2016-05-11,2374.5714285714284,171956.0
1624580081,2016-05-11,3134.0,2969.0,2016-05-10,2016-05-12,2509.0,175090.0
1624580081,2016-05-12,2971.0,3134.0,2016-05-11,,2580.5714285714284,178061.0
1644430081,2016-04-12,10694.0,,,2016-04-13,10694.0,10694.0
1644430081,2016-04-13,8001.0,10694.0,2016-04-12,2016-04-14,9347.5,18695.0
1644430081,2016-04-14,11037.0,8001.0,2016-04-13,2016-04-15,9910.666666666666,29732.0
1644430081,2016-04-15,5263.0,11037.0,2016-04-14,2016-04-16,8748.75,34995.0
1644430081,2016-04-16,15300.0,5263.0,2016-04-15,2016-04-17,10059.0,50295.0
1644430081,2016-04-17,8757.0,15300.0,2016-04-16,2016-04-18,9842.0,59052.0
1644430081,2016-04-18,7132.0,8757.0,2016-04-17,2016-04-19,9454.857142857143,66184.0
1644430081,2016-04-19,11256.0,7132.0,2016-04-18,2016-04-20,9535.142857142857,77440.0
1644430081,2016-04-20,2436.0,11256.0,2016-04-19,2016-04-21,8740.142857142857,79876.0
1644430081,2016-04-21,1223.0,2436.0,2016-04-20,2016-04-22,7338.142857142857,81099.0
1644430081,2016-04-22,3673.0,1223.0,2016-04-21,2016-04-23,7111.0,84772.0
1644430081,2016-04-23,6637.0,3673.0,2016-04-22,2016-04-24,5873.428571428572,91409.0
1644430081,2016-04-24,3321.0,6637.0,2016-04-23,2016-04-25,5096.857142857143,94730.0
1644430081,2016-04-25,3580.0,3321.0,2016-04-24,2016-04-26,4589.428571428572,98310.0
1644430081,2016-04-26,9919.0,3580.0,2016-04-25,2016-04-27,4398.428571428572,108229.0
1644430081,2016-04-27,3032.0,9919.0,2016-04-26,2016-04-28,4483.571428571428,111261.0
1644430081,2016-04-28,9405.0,3032.0,2016-04-27,2016-04-29,5652.428571428572,120666.0
1644430081,2016-04-29,3176.0,9405.0,2016-04-28,2016-04-30,5581.428571428572,123842.0
1644430081,2016-04-30,18213.0,3176.0,2016-04-29,2016-05-01,7235.142857142857,142055.0
1644430081,2016-05-01,6132.0,18213.0,2016-04-30,2016-05-02,7636.714285714285,148187.0
1644430081,2016-05-02,3758.0,6132.0,2016-05-01,2016-05-03,7662.142857142857,151945.0
1644430081,2016-05-03,12850.0,3758.0,2016-05-02,2016-05-04,8080.857142857143,164795.0
1644430081,2016-05-04,2309.0,12850.0,2016-05-03,2016-05-05,7977.571428571428,167104.0
1644430081,2016-05-05,4363.0,2309.0,2016-05-04,2016-05-06,7257.285714285715,171467.0
1644430081,2016-05-06,9787.0,4363.0,2016-05-05,2016-05-07,8201.714285714286,181254.0
1644430081,2016-05-07,13372.0,9787.0,2016-05-06,2016-05-08,7510.142857142857,194626.0
1644430081,2016-05-08,6724.0,13372.0,2016-05-07,2016-05-09,7594.714285714285,201350.0
1644430081,2016-05-09,6643.0,6724.0,2016-05-08,2016-05-10,8006.857142857143,207993.0
1644430081,2016-05-10,9167.0,6643.0,2016-05-09,2016-05-11,7480.714285714285,217160.0
1644430081,2016-05-11,1329.0,9167.0,2016-05-10,,7340.714285714285,218489.0
1844505072,2016-04-12,6697.0,,,2016-04-13,6697.0,6697.0
1844505072,2016-04-13,4929.0,6697.0,2016-04-12,2016-04-14,5813.0,11626.0
1844505072,2016-04-14,7937.0,4929.0,2016-04-13,2016-04-15,6521.0,19563.0
1844505072,2016-04-15,3844.0,7937.0,2016-04-14,2016-04-16,5851.75,23407.0
1844505072,2016-04-16,3414.0,3844.0,2016-04-15,2016-04-17,5364.2,26821.0
1844505072,2016-04-17,4525.0,3414.0,2016-04-16,2016-04-18,5224.333333333333,31346.0
1844505072,2016-04-18,4597.0,4525.0,2016-04-17,2016-04-19,5134.714285714285,35943.0
1844505072,2016-04-19,197.0,4597.0,2016-04-18,2016-04-21,4206.142857142857,36140.0
1844505072,2016-04-21,8054.0,197.0,2016-04-19,2016-04-22,4105.166666666667,44194.0
1844505072,2016-04-22,5372.0,8054.0,2016-04-21,2016-04-23,4359.833333333333,49566.0
1844505072,2016-04-23,3570.0,5372.0,2016-04-22,2016-04-28,4385.833333333333,53136.0
1844505072,2016-04-28,6907.0,3570.0,2016-04-23,2016-04-29,5283.0,60043.0
1844505072,2016-04-29,4920.0,6907.0,2016-04-28,2016-04-30,5132.333333333333,64963.0
1844505072,2016-04-30,4014.0,4920.0,2016-04-29,2016-05-01,5280.333333333333,68977.0
1844505072,2016-05-01,2573.0,4014.0,2016-04-30,2016-05-03,4603.5,71550.0
1844505072,2016-05-03,4059.0,2573.0,2016-05-01,2016-05-04,4494.6,75609.0
1844505072,2016-05-04,2080.0,4059.0,2016-05-03,2016-05-05,4092.1666666666665,77689.0
1844505072,2016-05-05,2237.0,2080.0,2016-05-04,,3313.8333333333335,79926.0
1927972279,2016-04-12,678.0,,,2016-04-13,678.0,678.0
1927972279,2016-04-13,356.0,678.0,2016-04-12,2016-04-14,517.0,1034.0
1927972279,2016-04-14,2163.0,356.0,2016-04-13,2016-04-15,1065.6666666666667,3197.0
1927972279,2016-04-15,980.0,2163.0,2016-04-14,2016-04-18,1044.25,4177.0
1927972279,2016-04-18,244.0,980.0,2016-04-15,2016-04-22,884.2,4421.0
1927972279,2016-04-22,149.0,244.0,2016-04-18,2016-04-23,196.5,4570.0
1927972279,2016-04-23,2945.0,149.0,2016-04-22,2016-04-24,1112.6666666666667,7515.0
1927972279,2016-04-24,2090.0,2945.0,2016-04-23,2016-04-25,1357.0,9605.0
1927972279,2016-04-25,152.0,2090.0,2016-04-24,2016-04-26,1334.0,9757.0
1927972279,2016-04-26,3761.0,152.0,2016-04-25,2016-04-28,1819.4,13518.0
1927972279,2016-04-28,1675.0,3761.0,2016-04-26,2016-05-01,1795.3333333333333,15193.0
1927972279,2016-05-01,2704.0,1675.0,2016-04-28,2016-05-02,2073.0,17897.0
1927972279,2016-05-02,3790.0,2704.0,2016-05-01,2016-05-03,2982.5,21687.0
1927972279,2016-05-03,1326.0,3790.0,2016-05-02,2016-05-04,2373.75,23013.0
1927972279,2016-05-04,1786.0,1326.0,2016-05-03,2016-05-06,2256.2,24799.0
1927972279,2016-05-06,2091.0,1786.0,2016-05-04,2016-05-07,2339.4,26890.0
1927972279,2016-05-07,1510.0,2091.0,2016-05-06,,2201.1666666666665,28400.0
2022484408,2016-04-12,11875.0,,,2016-04-13,11875.0,11875.0
2022484408,2016-04-13,12024.0,11875.0,2016-04-12,2016-04-14,11949.5,23899.0
2022484408,2016-04-14,10690.0,12024.0,2016-04-13,2016-04-15,11529.666666666666,34589.0
2022484408,2016-04-15,11034.0,10690.0,2016-04-14,2016-04-16,11405.75,45623.0
2022484408,2016-04-16,10100.0,11034.0,2016-04-15,2016-04-17,11144.6,55723.0
2022484408,2016-04-17,15112.0,10100.0,2016-04-16,2016-04-18,11805.833333333334,70835.0
2022484408,2016-04-18,14131.0,15112.0,2016-04-17,2016-04-19,12138.0,84966.0
2022484408,2016-04-19,11548.0,14131.0,2016-04-18,2016-04-20,12091.285714285714,96514.0
2022484408,2016-04-20,15112.0,11548.0,2016-04-19,2016-04-21,12532.42857142857,111626.0
2022484408,2016-04-21,12453.0,15112.0,2016-04-20,2016-04-22,12784.285714285714,124079.0
2022484408,2016-04-22,12954.0,12453.0,2016-04-21,2016-04-23,13058.57142857143,137033.0
2022484408,2016-04-23,6001.0,12954.0,2016-04-22,2016-04-24,12473.0,143034.0
2022484408,2016-04-24,13481.0,6001.0,2016-04-23,2016-04-25,12240.0,156515.0
2022484408,2016-04-25,11369.0,13481.0,2016-04-24,2016-04-26,11845.42857142857,167884.0
2022484408,2016-04-26,10119.0,11369.0,2016-04-25,2016-04-27,11641.285714285714,178003.0
2022484408,2016-04-27,10159.0,10119.0,2016-04-26,2016-04-28,10933.714285714286,188162.0
2022484408,2016-04-28,10140.0,10159.0,2016-04-27,2016-04-29,10603.285714285714,198302.0
2022484408,2016-04-29,10245.0,10140.0,2016-04-28,2016-04-30,10216.285714285714,208547.0
2022484408,2016-04-30,18387.0,10245.0,2016-04-29,2016-05-01,11985.714285714286,226934.0
2022484408,2016-05-01,10538.0,18387.0,2016-04-30,2016-05-02,11565.285714285714,237472.0
2022484408,2016-05-02,10379.0,10538.0,2016-05-01,2016-05-03,11423.857142857143,247851.0
2022484408,2016-05-03,12183.0,10379.0,2016-05-02,2016-05-04,11718.714285714286,260034.0
2022484408,2016-05-04,11768.0,12183.0,2016-05-03,2016-05-05,11948.57142857143,271802.0
2022484408,2016-05-05,11895.0,11768.0,2016-05-04,2016-05-06,12199.285714285714,283697.0
2022484408,2016-05-06,10227.0,11895.0,2016-05-05,2016-05-07,12196.714285714286,293924.0
2022484408,2016-05-07,6708.0,10227.0,2016-05-06,2016-05-08,10528.285714285714,300632.0
2022484408,2016-05-08,3292.0,6708.0,2016-05-07,2016-05-09,9493.142857142857,303924.0
2022484408,2016-05-09,13379.0,3292.0,2016-05-08,2016-05-10,9921.714285714286,317303.0
2022484408,2016-05-10,12798.0,13379.0,2016-05-09,2016-05-11,10009.57142857143,330101.0
2022484408,2016-05-11,13272.0,12798.0,2016-05-10,2016-05-12,10224.42857142857,343373.0
2022484408,2016-05-12,9117.0,13272.0,2016-05-11,,9827.57142857143,352490.0
2026352035,2016-04-12,4414.0,,,2016-04-13,4414.0,4414.0
2026352035,2016-04-13,4993.0,4414.0,2016-04-12,2016-04-14,4703.5,9407.0
2026352035,2016-04-14,3335.0,4993.0,2016-04-13,2016-04-15,4247.333333333333,12742.0
2026352035,2016-04-15,3821.0,3335.0,2016-04-14,2016-04-16,4140.75,16563.0
2026352035,2016-04-16,2547.0,3821.0,2016-04-15,2016-04-17,3822.0,19110.0
2026352035,2016-04-17,838.0,2547.0,2016-04-16,2016-04-18,3324.6666666666665,19948.0
2026352035,2016-04-18,3325.0,838.0,2016-04-17,2016-04-19,3324.714285714286,23273.0
2026352035,2016-04-19,2424.0,3325.0,2016-04-18,2016-04-20,3040.4285714285716,25697.0
2026352035,2016-04-20,7222.0,2424.0,2016-04-19,2016-04-21,3358.8571428571427,32919.0
2026352035,2016-04-21,2467.0,7222.0,2016-04-20,2016-04-22,3234.8571428571427,35386.0
2026352035,2016-04-22,2915.0,2467.0,2016-04-21,2016-04-23,3105.4285714285716,38301.0
2026352035,2016-04-23,12357.0,2915.0,2016-04-22,2016-04-24,4506.857142857143,50658.0
2026352035,2016-04-24,3490.0,12357.0,2016-04-23,2016-04-25,4885.714285714285,54148.0
2026352035,2016-04-25,6017.0,3490.0,2016-04-24,2016-04-26,5270.285714285715,60165.0
2026352035,2016-04-26,5933.0,6017.0,2016-04-25,2016-04-27,5771.571428571428,66098.0
2026352035,2016-04-27,6088.0,5933.0,2016-04-26,2016-04-28,5609.571428571428,72186.0
2026352035,2016-04-28,6375.0,6088.0,2016-04-27,2016-04-29,6167.857142857143,78561.0
2026352035,2016-04-29,7604.0,6375.0,2016-04-28,2016-04-30,6837.714285714285,86165.0
2026352035,2016-04-30,4729.0,7604.0,2016-04-29,2016-05-01,5748.0,90894.0
2026352035,2016-05-01,3609.0,4729.0,2016-04-30,2016-05-02,5765.0,94503.0
2026352035,2016-05-02,7018.0,3609.0,2016-05-01,2016-05-03,5908.0,101521.0
2026352035,2016-05-03,5992.0,7018.0,2016-05-02,2016-05-04,5916.428571428572,107513.0
2026352035,2016-05-04,6564.0,5992.0,2016-05-03,2016-05-05,5984.428571428572,114077.0
2026352035,2016-05-05,12167.0,6564.0,2016-05-04,2016-05-06,6811.857142857143,126244.0
2026352035,2016-05-06,8198.0,12167.0,2016-05-05,2016-05-07,6896.714285714285,134442.0
2026352035,2016-05-07,4193.0,8198.0,2016-05-06,2016-05-08,6820.142857142857,138635.0
2026352035,2016-05-08,5528.0,4193.0,2016-05-07,2016-05-09,7094.285714285715,144163.0
2026352035,2016-05-09,10685.0,5528.0,2016-05-08,2016-05-10,7618.142857142857,154848.0
2026352035,2016-05-10,254.0,10685.0,2016-05-09,2016-05-11,6798.428571428572,155102.0
2026352035,2016-05-11,8580.0,254.0,2016-05-10,2016-05-12,7086.428571428572,163682.0
2026352035,2016-05-12,8891.0,8580.0,2016-05-11,,6618.428571428572,172573.0
2320127002,2016-04-12,10725.0,,,2016-04-13,10725.0,10725.0
2320127002,2016-04-13,7275.0,10725.0,2016-04-12,2016-04-14,9000.0,18000.0
2320127002,2016-04-14,3973.0,7275.0,2016-04-13,2016-04-15,7324.333333333333,21973.0
2320127002,2016-04-15,5205.0,3973.0,2016-04-14,2016-04-16,6794.5,27178.0
2320127002,2016-04-16,5057.0,5205.0,2016-04-15,2016-04-17,6447.0,32235.0
2320127002,2016-04-17,6198.0,5057.0,2016-04-16,2016-04-18,6405.5,38433.0
2320127002,2016-04-18,6559.0,6198.0,2016-04-17,2016-04-19,6427.428571428572,44992.0
2320127002,2016-04-19,5997.0,6559.0,2016-04-18,2016-04-20,5752.0,50989.0
2320127002,2016-04-20,7192.0,5997.0,2016-04-19,2016-04-21,5740.142857142857,58181.0
2320127002,2016-04-21,3404.0,7192.0,2016-04-20,2016-04-22,5658.857142857143,61585.0
2320127002,2016-04-22,5583.0,3404.0,2016-04-21,2016-04-23,5712.857142857143,67168.0
2320127002,2016-04-23,5079.0,5583.0,2016-04-22,2016-04-24,5716.0,72247.0
2320127002,2016-04-24,4165.0,5079.0,2016-04-23,2016-04-25,5425.571428571428,76412.0
2320127002,2016-04-25,3588.0,4165.0,2016-04-24,2016-04-26,5001.142857142857,80000.0
2320127002,2016-04-26,3409.0,3588.0,2016-04-25,2016-04-27,4631.428571428572,83409.0
2320127002,2016-04-27,1715.0,3409.0,2016-04-26,2016-04-28,3849.0,85124.0
2320127002,2016-04-28,1532.0,1715.0,2016-04-27,2016-04-29,3581.5714285714284,86656.0
2320127002,2016-04-29,924.0,1532.0,2016-04-28,2016-04-30,2916.0,87580.0
2320127002,2016-04-30,4571.0,924.0,2016-04-29,2016-05-01,2843.4285714285716,92151.0
2320127002,2016-05-01,772.0,4571.0,2016-04-30,2016-05-02,2358.714285714286,92923.0
2320127002,2016-05-02,3634.0,772.0,2016-05-01,2016-05-03,2365.285714285714,96557.0
2320127002,2016-05-03,7443.0,3634.0,2016-05-02,2016-05-04,2941.5714285714284,104000.0
2320127002,2016-05-04,1201.0,7443.0,2016-05-03,2016-05-05,2868.1428571428573,105201.0
2320127002,2016-05-05,5202.0,1201.0,2016-05-04,2016-05-06,3392.4285714285716,110403.0
2320127002,2016-05-06,4878.0,5202.0,2016-05-05,2016-05-07,3957.285714285714,115281.0
2320127002,2016-05-07,7379.0,4878.0,2016-05-06,2016-05-08,4358.428571428572,122660.0
2320127002,2016-05-08,5161.0,7379.0,2016-05-07,2016-05-09,4985.428571428572,127821.0
2320127002,2016-05-09,3090.0,5161.0,2016-05-08,2016-05-10,4907.714285714285,130911.0
2320127002,2016-05-10,6227.0,3090.0,2016-05-09,2016-05-11,4734.0,137138.0
2320127002,2016-05-11,6424.0,6227.0,2016-05-10,2016-05-12,5480.142857142857,143562.0
2320127002,2016-05-12,2661.0,6424.0,2016-05-11,,5117.142857142857,146223.0
2347167796,2016-04-12,10113.0,,,2016-04-13,10113.0,10113.0
2347167796,2016-04-13,10352.0,10113.0,2016-04-12,2016-04-14,10232.5,20465.0
2347167796,2016-04-14,10129.0,10352.0,2016-04-13,2016-04-15,10198.0,30594.0
2347167796,2016-04-15,10465.0,10129.0,2016-04-14,2016-04-16,10264.75,41059.0
2347167796,2016-04-16,22244.0,10465.0,2016-04-15,2016-04-17,12660.6,63303.0
2347167796,2016-04-17,5472.0,22244.0,2016-04-16,2016-04-18,11462.5,68775.0
2347167796,2016-04-18,8247.0,5472.0,2016-04-17,2016-04-19,11003.142857142857,77022.0
2347167796,2016-04-19,6711.0,8247.0,2016-04-18,2016-04-20,10517.142857142857,83733.0
2347167796,2016-04-20,10999.0,6711.0,2016-04-19,2016-04-21,10609.57142857143,94732.0
2347167796,2016-04-21,10080.0,10999.0,2016-04-20,2016-04-22,10602.57142857143,104812.0
2347167796,2016-04-22,7804.0,10080.0,2016-04-21,2016-04-23,10222.42857142857,112616.0
2347167796,2016-04-23,16901.0,7804.0,2016-04-22,2016-04-24,9459.142857142857,129517.0
2347167796,2016-04-24,9471.0,16901.0,2016-04-23,2016-04-25,10030.42857142857,138988.0
2347167796,2016-04-25,9482.0,9471.0,2016-04-24,2016-04-26,10206.857142857143,148470.0
2347167796,2016-04-26,5980.0,9482.0,2016-04-25,2016-04-27,10102.42857142857,154450.0
2347167796,2016-04-27,11423.0,5980.0,2016-04-26,2016-04-28,10163.0,165873.0
2347167796,2016-04-28,5439.0,11423.0,2016-04-27,,9500.0,171312.0
2873212765,2016-04-12,8796.0,,,2016-04-13,8796.0,8796.0
2873212765,2016-04-13,7618.0,8796.0,2016-04-12,2016-04-14,8207.0,16414.0
2873212765,2016-04-14,7910.0,7618.0,2016-04-13,2016-04-15,8108.0,24324.0
2873212765,2016-04-15,8482.0,7910.0,2016-04-14,2016-04-16,8201.5,32806.0
2873212765,2016-04-16,9685.0,8482.0,2016-04-15,2016-04-17,8498.2,42491.0
2873212765,2016-04-17,2524.0,9685.0,2016-04-16,2016-04-18,7502.5,45015.0
2873212765,2016-04-18,7762.0,2524.0,2016-04-17,2016-04-19,7539.571428571428,52777.0
2873212765,2016-04-19,7948.0,7762.0,2016-04-18,2016-04-20,7418.428571428572,60725.0
2873212765,2016-04-20,9202.0,7948.0,2016-04-19,2016-04-21,7644.714285714285,69927.0
2873212765,2016-04-21,8859.0,9202.0,2016-04-20,2016-04-22,7780.285714285715,78786.0
2873212765,2016-04-22,7286.0,8859.0,2016-04-21,2016-04-23,7609.428571428572,86072.0
2873212765,2016-04-23,9317.0,7286.0,2016-04-22,2016-04-24,7556.857142857143,95389.0
2873212765,2016-04-24,6873.0,9317.0,2016-04-23,2016-04-25,8178.142857142857,102262.0
2873212765,2016-04-25,7373.0,6873.0,2016-04-24,2016-04-26,8122.571428571428,109635.0
2873212765,2016-04-26,8242.0,7373.0,2016-04-25,2016-04-27,8164.571428571428,117877.0
2873212765,2016-04-27,3516.0,8242.0,2016-04-26,2016-04-28,7352.285714285715,121393.0
2873212765,2016-04-28,7913.0,3516.0,2016-04-27,2016-04-29,7217.142857142857,129306.0
2873212765,2016-04-29,7365.0,7913.0,2016-04-28,2016-04-30,7228.428571428572,136671.0
2873212765,2016-04-30,8452.0,7365.0,2016-04-29,2016-05-01,7104.857142857143,145123.0
2873212765,2016-05-01,7399.0,8452.0,2016-04-30,2016-05-02,7180.0,152522.0
2873212765,2016-05-02,7525.0,7399.0,2016-05-01,2016-05-03,7201.714285714285,160047.0
2873212765,2016-05-03,7412.0,7525.0,2016-05-02,2016-05-04,7083.142857142857,167459.0
2873212765,2016-05-04,8278.0,7412.0,2016-05-03,2016-05-05,7763.428571428572,175737.0
2873212765,2016-05-05,8314.0,8278.0,2016-05-04,2016-05-06,7820.714285714285,184051.0
2873212765,2016-05-06,7063.0,8314.0,2016-05-05,2016-05-07,7777.571428571428,191114.0
2873212765,2016-05-07,4940.0,7063.0,2016-05-06,2016-05-08,7275.857142857143,196054.0
2873212765,2016-05-08,8168.0,4940.0,2016-05-07,2016-05-09,7385.714285714285,204222.0
2873212765,2016-05-09,7726.0,8168.0,2016-05-08,2016-05-10,7414.428571428572,211948.0
2873212765,2016-05-10,8275.0,7726.0,2016-05-09,2016-05-11,7537.714285714285,220223.0
2873212765,2016-05-11,6440.0,8275.0,2016-05-10,2016-05-12,7275.142857142857,226663.0
2873212765,2016-05-12,7566.0,6440.0,2016-05-11,,7168.285714285715,234229.0
3372868164,2016-04-12,4747.0,,,2016-04-13,4747.0,4747.0
3372868164,2016-04-13,9715.0,4747.0,2016-04-12,2016-04-14,7231.0,14462.0
3372868164,2016-04-14,8844.0,9715.0,2016-04-13,2016-04-15,7768.666666666667,23306.0
3372868164,2016-04-15,7451.0,8844.0,2016-04-14,2016-04-16,7689.25,30757.0
3372868164,2016-04-16,6905.0,7451.0,2016-04-15,2016-04-17,7532.4,37662.0
3372868164,2016-04-17,8199.0,6905.0,2016-04-16,2016-04-18,7643.5,45861.0
3372868164,2016-04-18,6798.0,8199.0,2016-04-17,2016-04-19,7522.714285714285,52659.0
3372868164,2016-04-19,7711.0,6798.0,2016-04-18,2016-04-20,7946.142857142857,60370.0
3372868164,2016-04-20,4880.0,7711.0,2016-04-19,2016-04-21,7255.428571428572,65250.0
3372868164,2016-04-21,8857.0,4880.0,2016-04-20,2016-04-22,7257.285714285715,74107.0
3372868164,2016-04-22,3843.0,8857.0,2016-04-21,2016-04-23,6741.857142857143,77950.0
3372868164,2016-04-23,7396.0,3843.0,2016-04-22,2016-04-24,6812.0,85346.0
3372868164,2016-04-24,6731.0,7396.0,2016-04-23,2016-04-25,6602.285714285715,92077.0
3372868164,2016-04-25,5995.0,6731.0,2016-04-24,2016-04-26,6487.571428571428,98072.0
3372868164,2016-04-26,8283.0,5995.0,2016-04-25,2016-04-27,6569.285714285715,106355.0
3372868164,2016-04-27,7904.0,8283.0,2016-04-26,2016-04-28,7001.285714285715,114259.0
3372868164,2016-04-28,5512.0,7904.0,2016-04-27,2016-04-29,6523.428571428572,119771.0
3372868164,2016-04-29,9135.0,5512.0,2016-04-28,2016-04-30,7279.428571428572,128906.0
3372868164,2016-04-30,5250.0,9135.0,2016-04-29,2016-05-01,6972.857142857143,134156.0
3372868164,2016-05-01,3077.0,5250.0,2016-04-30,,6450.857142857143,137233.0
3977333714,2016-04-12,8856.0,,,2016-04-13,8856.0,8856.0
3977333714,2016-04-13,10035.0,8856.0,2016-04-12,2016-04-14,9445.5,18891.0
3977333714,2016-04-14,7641.0,10035.0,2016-04-13,2016-04-15,8844.0,26532.0
3977333714,2016-04-15,9010.0,7641.0,2016-04-14,2016-04-16,8885.5,35542.0
3977333714,2016-04-16,13459.0,9010.0,2016-04-15,2016-04-17,9800.2,49001.0
3977333714,2016-04-17,10415.0,13459.0,2016-04-16,2016-04-18,9902.666666666666,59416.0
3977333714,2016-04-18,11663.0,10415.0,2016-04-17,2016-04-19,10154.142857142857,71079.0
3977333714,2016-04-19,12414.0,11663.0,2016-04-18,2016-04-20,10662.42857142857,83493.0
3977333714,2016-04-20,11658.0,12414.0,2016-04-19,2016-04-21,10894.285714285714,95151.0
3977333714,2016-04-21,6093.0,11658.0,2016-04-20,2016-04-22,10673.142857142857,101244.0
3977333714,2016-04-22,8911.0,6093.0,2016-04-21,2016-04-23,10659.0,110155.0
3977333714,2016-04-23,12058.0,8911.0,2016-04-22,2016-04-24,10458.857142857143,122213.0
3977333714,2016-04-24,14112.0,12058.0,2016-04-23,2016-04-25,10987.0,136325.0
3977333714,2016-04-25,11177.0,14112.0,2016-04-24,2016-04-26,10917.57142857143,147502.0
3977333714,2016-04-26,11388.0,11177.0,2016-04-25,2016-04-27,10771.0,158890.0
3977333714,2016-04-27,7193.0,11388.0,2016-04-26,2016-04-28,10133.142857142857,166083.0
3977333714,2016-04-28,7114.0,7193.0,2016-04-27,2016-04-29,10279.0,173197.0
3977333714,2016-04-29,10645.0,7114.0,2016-04-28,2016-04-30,10526.714285714286,183842.0
3977333714,2016-04-30,13238.0,10645.0,2016-04-29,2016-05-01,10695.285714285714,197080.0
3977333714,2016-05-01,10414.0,13238.0,2016-04-30,2016-05-02,10167.0,207494.0
3977333714,2016-05-02,16520.0,10414.0,2016-05-01,2016-05-03,10930.285714285714,224014.0
3977333714,2016-05-03,14335.0,16520.0,2016-05-02,2016-05-04,11351.285714285714,238349.0
3977333714,2016-05-04,13559.0,14335.0,2016-05-03,2016-05-05,12260.714285714286,251908.0
3977333714,2016-05-05,12312.0,13559.0,2016-05-04,2016-05-06,13003.285714285714,264220.0
3977333714,2016-05-06,11677.0,12312.0,2016-05-05,2016-05-07,13150.714285714286,275897.0
3977333714,2016-05-07,11550.0,11677.0,2016-05-06,2016-05-08,12909.57142857143,287447.0
3977333714,2016-05-08,13585.0,11550.0,2016-05-07,2016-05-09,13362.57142857143,301032.0
3977333714,2016-05-09,14687.0,13585.0,2016-05-08,2016-05-10,13100.714285714286,315719.0
3977333714,2016-05-10,13072.0,14687.0,2016-05-09,2016-05-11,12920.285714285714,328791.0
3977333714,2016-05-11,746.0,13072.0,2016-05-10,,11089.857142857143,329537.0
4020332650,2016-04-12,8539.0,,,2016-04-14,8539.0,8539.0
4020332650,2016-04-14,108.0,8539.0,2016-04-12,2016-04-15,4323.5,8647.0
4020332650,2016-04-15,1882.0,108.0,2016-04-14,2016-04-16,3509.6666666666665,10529.0
4020332650,2016-04-16,1982.0,1882.0,2016-04-15,2016-05-02,3127.75,12511.0
4020332650,2016-05-02,475.0,1982.0,2016-04-16,2016-05-03,475.0,12986.0
4020332650,2016-05-03,4496.0,475.0,2016-05-02,2016-05-04,2485.5,17482.0
4020332650,2016-05-04,10252.0,4496.0,2016-05-03,2016-05-05,5074.333333333333,27734.0
4020332650,2016-05-05,11728.0,10252.0,2016-05-04,2016-05-06,6737.75,39462.0
4020332650,2016-05-06,4369.0,11728.0,2016-05-05,2016-05-07,6264.0,43831.0
4020332650,2016-05-07,6132.0,4369.0,2016-05-06,2016-05-08,6242.0,49963.0
4020332650,2016-05-08,5862.0,6132.0,2016-05-07,2016-05-09,6187.714285714285,55825.0
4020332650,2016-05-09,4556.0,5862.0,2016-05-08,2016-05-10,6770.714285714285,60381.0
4020332650,2016-05-10,5546.0,4556.0,2016-05-09,2016-05-11,6920.714285714285,65927.0
4020332650,2016-05-11,3689.0,5546.0,2016-05-10,2016-05-12,5983.142857142857,69616.0
4020332650,2016-05-12,590.0,3689.0,2016-05-11,,4392.0,70206.0
4057192912,2016-04-12,5394.0,,,2016-04-13,5394.0,5394.0
4057192912,2016-04-13,5974.0,5394.0,2016-04-12,2016-04-15,5684.0,11368.0
4057192912,2016-04-15,3984.0,5974.0,2016-04-13,,5117.333333333333,15352.0
4319703577,2016-04-13,8204.0,,,2016-04-14,8204.0,8204.0
4319703577,2016-04-14,10210.0,8204.0,2016-04-13,2016-04-15,9207.0,18414.0
4319703577,2016-04-15,5664.0,10210.0,2016-04-14,2016-04-16,8026.0,24078.0
4319703577,2016-04-16,4744.0,5664.0,2016-04-15,2016-04-18,7205.5,28822.0
4319703577,2016-04-18,2276.0,4744.0,2016-04-16,2016-04-19,6219.6,31098.0
4319703577,2016-04-19,8925.0,2276.0,2016-04-18,2016-04-20,6670.5,40023.0
4319703577,2016-04-20,8954.0,8925.0,2016-04-19,2016-04-21,6795.5,48977.0
4319703577,2016-04-21,3702.0,8954.0,2016-04-20,2016-04-22,5710.833333333333,52679.0
4319703577,2016-04-22,4500.0,3702.0,2016-04-21,2016-04-23,5516.833333333333,57179.0
4319703577,2016-04-23,4935.0,4500.0,2016-04-22,2016-04-24,5548.666666666667,62114.0
4319703577,2016-04-24,4081.0,4935.0,2016-04-23,2016-04-25,5339.0,66195.0
4319703577,2016-04-25,9259.0,4081.0,2016-04-24,2016-04-26,6336.571428571428,75454.0
4319703577,2016-04-26,9899.0,9259.0,2016-04-25,2016-04-27,6475.714285714285,85353.0
4319703577,2016-04-27,10780.0,9899.0,2016-04-26,2016-04-28,6736.571428571428,96133.0
4319703577,2016-04-28,10817.0,10780.0,2016-04-27,2016-04-29,7753.0,106950.0
4319703577,2016-04-29,7990.0,10817.0,2016-04-28,2016-04-30,8251.57142857143,114940.0
4319703577,2016-04-30,8221.0,7990.0,2016-04-29,2016-05-01,8721.0,123161.0
4319703577,2016-05-01,1251.0,8221.0,2016-04-30,2016-05-02,8316.714285714286,124412.0
4319703577,2016-05-02,9261.0,1251.0,2016-05-01,2016-05-03,8317.0,133673.0
4319703577,2016-05-03,9648.0,9261.0,2016-05-02,2016-05-04,8281.142857142857,143321.0
4319703577,2016-05-04,10429.0,9648.0,2016-05-03,2016-05-05,8231.0,153750.0
4319703577,2016-05-05,13658.0,10429.0,2016-05-04,2016-05-06,8636.857142857143,167408.0
4319703577,2016-05-06,9524.0,13658.0,2016-05-05,2016-05-07,8856.0,176932.0
4319703577,2016-05-07,7937.0,9524.0,2016-05-06,2016-05-08,8815.42857142857,184869.0
4319703577,2016-05-08,3672.0,7937.0,2016-05-07,2016-05-09,9161.285714285714,188541.0
4319703577,2016-05-09,10378.0,3672.0,2016-05-08,2016-05-10,9320.857142857143,198919.0
4319703577,2016-05-10,9487.0,10378.0,2016-05-09,2016-05-11,9297.857142857143,208406.0
4319703577,2016-05-11,9129.0,9487.0,2016-05-10,,9112.142857142857,217535.0
4388161847,2016-04-13,10993.0,,,2016-04-14,10993.0,10993.0
4388161847,2016-04-14,8863.0,10993.0,2016-04-13,2016-04-15,9928.0,19856.0
4388161847,2016-04-15,8758.0,8863.0,2016-04-14,2016-04-16,9538.0,28614.0
4388161847,2016-04-16,6580.0,8758.0,2016-04-15,2016-04-17,8798.5,35194.0
4388161847,2016-04-17,4660.0,6580.0,2016-04-16,2016-04-18,7970.8,39854.0
4388161847,2016-04-18,11009.0,4660.0,2016-04-17,2016-04-19,8477.166666666666,50863.0
4388161847,2016-04-19,10181.0,11009.0,2016-04-18,2016-04-20,8720.57142857143,61044.0
4388161847,2016-04-20,10553.0,10181.0,2016-04-19,2016-04-21,8657.714285714286,71597.0
4388161847,2016-04-21,10055.0,10553.0,2016-04-20,2016-04-22,8828.0,81652.0
4388161847,2016-04-22,12139.0,10055.0,2016-04-21,2016-04-23,9311.0,93791.0
4388161847,2016-04-23,13236.0,12139.0,2016-04-22,2016-04-24,10261.857142857143,107027.0
4388161847,2016-04-24,10243.0,13236.0,2016-04-23,2016-04-25,11059.42857142857,117270.0
4388161847,2016-04-25,12961.0,10243.0,2016-04-24,2016-04-26,11338.285714285714,130231.0
4388161847,2016-04-26,9461.0,12961.0,2016-04-25,2016-04-27,11235.42857142857,139692.0
4388161847,2016-04-27,11193.0,9461.0,2016-04-26,2016-04-28,11326.857142857143,150885.0
4388161847,2016-04-28,10074.0,11193.0,2016-04-27,2016-04-29,11329.57142857143,160959.0
4388161847,2016-04-29,9232.0,10074.0,2016-04-28,2016-04-30,10914.285714285714,170191.0
4388161847,2016-04-30,12533.0,9232.0,2016-04-29,2016-05-01,10813.857142857143,182724.0
4388161847,2016-05-01,10255.0,12533.0,2016-04-30,2016-05-02,10815.57142857143,192979.0
4388161847,2016-05-02,10096.0,10255.0,2016-05-01,2016-05-03,10406.285714285714,203075.0
4388161847,2016-05-03,12727.0,10096.0,2016-05-02,2016-05-04,10872.857142857143,215802.0
4388161847,2016-05-04,12375.0,12727.0,2016-05-03,2016-05-05,11041.714285714286,228177.0
4388161847,2016-05-05,9603.0,12375.0,2016-05-04,2016-05-06,10974.42857142857,237780.0
4388161847,2016-05-06,13175.0,9603.0,2016-05-05,2016-05-07,11537.714285714286,250955.0
4388161847,2016-05-07,22770.0,13175.0,2016-05-06,2016-05-08,13000.142857142857,273725.0
4388161847,2016-05-08,17298.0,22770.0,2016-05-07,2016-05-09,14006.285714285714,291023.0
4388161847,2016-05-09,10218.0,17298.0,2016-05-08,2016-05-10,14023.714285714286,301241.0
4388161847,2016-05-10,10299.0,10218.0,2016-05-09,2016-05-11,13676.857142857143,311540.0
4388161847,2016-05-11,10201.0,10299.0,2016-05-10,2016-05-12,13366.285714285714,321741.0
4388161847,2016-05-12,3369.0,10201.0,2016-05-11,,12475.714285714286,325110.0
4445114986,2016-04-12,3276.0,,,2016-04-13,3276.0,3276.0
4445114986,2016-04-13,2961.0,3276.0,2016-04-12,2016-04-14,3118.5,6237.0
4445114986,2016-04-14,3974.0,2961.0,2016-04-13,2016-04-15,3403.6666666666665,10211.0
4445114986,2016-04-15,7198.0,3974.0,2016-04-14,2016-04-16,4352.25,17409.0
4445114986,2016-04-16,3945.0,7198.0,2016-04-15,2016-04-17,4270.8,21354.0
4445114986,2016-04-17,2268.0,3945.0,2016-04-16,2016-04-18,3937.0,23622.0
4445114986,2016-04-18,6155.0,2268.0,2016-04-17,2016-04-19,4253.857142857143,29777.0
4445114986,2016-04-19,2064.0,6155.0,2016-04-18,2016-04-20,4080.714285714286,31841.0
4445114986,2016-04-20,2072.0,2064.0,2016-04-19,2016-04-21,3953.714285714286,33913.0
4445114986,2016-04-21,3809.0,2072.0,2016-04-20,2016-04-22,3930.1428571428573,37722.0
4445114986,2016-04-22,6831.0,3809.0,2016-04-21,2016-04-23,3877.714285714286,44553.0
4445114986,2016-04-23,4363.0,6831.0,2016-04-22,2016-04-24,3937.4285714285716,48916.0
4445114986,2016-04-24,5002.0,4363.0,2016-04-23,2016-04-25,4328.0,53918.0
4445114986,2016-04-25,3385.0,5002.0,2016-04-24,2016-04-26,3932.285714285714,57303.0
4445114986,2016-04-26,6326.0,3385.0,2016-04-25,2016-04-27,4541.142857142857,63629.0
4445114986,2016-04-27,7243.0,6326.0,2016-04-26,2016-04-28,5279.857142857143,70872.0
4445114986,2016-04-28,4493.0,7243.0,2016-04-27,2016-04-29,5377.571428571428,75365.0
4445114986,2016-04-29,4676.0,4493.0,2016-04-28,2016-04-30,5069.714285714285,80041.0
4445114986,2016-04-30,6222.0,4676.0,2016-04-29,2016-05-01,5335.285714285715,86263.0
4445114986,2016-05-01,5232.0,6222.0,2016-04-30,2016-05-02,5368.142857142857,91495.0
4445114986,2016-05-02,6910.0,5232.0,2016-05-01,2016-05-03,5871.714285714285,98405.0
4445114986,2016-05-03,7502.0,6910.0,2016-05-02,2016-05-04,6039.714285714285,105907.0
4445114986,2016-05-04,2923.0,7502.0,2016-05-03,2016-05-05,5422.571428571428,108830.0
4445114986,2016-05-05,3800.0,2923.0,2016-05-04,2016-05-06,5323.571428571428,112630.0
4445114986,2016-05-06,4514.0,3800.0,2016-05-05,2016-05-07,5300.428571428572,117144.0
4445114986,2016-05-07,5183.0,4514.0,2016-05-06,2016-05-08,5152.0,122327.0
4445114986,2016-05-08,7303.0,5183.0,2016-05-07,2016-05-09,5447.857142857143,129630.0
4445114986,2016-05-09,5275.0,7303.0,2016-05-08,2016-05-10,5214.285714285715,134905.0
4445114986,2016-05-10,3915.0,5275.0,2016-05-09,2016-05-11,4701.857142857143,138820.0
4445114986,2016-05-11,9105.0,3915.0,2016-05-10,2016-05-12,5585.0,147925.0
4445114986,2016-05-12,768.0,9105.0,2016-05-11,,5151.857142857143,148693.0
4558609924,2016-04-12,5135.0,,,2016-04-13,5135.0,5135.0
4558609924,2016-04-13,4978.0,5135.0,2016-04-12,2016-04-14,5056.5,10113.0
4558609924,2016-04-14,6799.0,4978.0,2016-04-13,2016-04-15,5637.333333333333,16912.0
4558609924,2016-04-15,7795.0,6799.0,2016-04-14,2016-04-16,6176.75,24707.0
4558609924,2016-04-16,7289.0,7795.0,2016-04-15,2016-04-17,6399.2,31996.0
4558609924,2016-04-17,9634.0,7289.0,2016-04-16,2016-04-18,6938.333333333333,41630.0
4558609924,2016-04-18,8940.0,9634.0,2016-04-17,2016-04-19,7224.285714285715,50570.0
4558609924,2016-04-19,5401.0,8940.0,2016-04-18,2016-04-20,7262.285714285715,55971.0
4558609924,2016-04-20,4803.0,5401.0,2016-04-19,2016-04-21,7237.285714285715,60774.0
4558609924,2016-04-21,13743.0,4803.0,2016-04-20,2016-04-22,8229.285714285714,74517.0
4558609924,2016-04-22,9601.0,13743.0,2016-04-21,2016-04-23,8487.285714285714,84118.0
4558609924,2016-04-23,6890.0,9601.0,2016-04-22,2016-04-24,8430.285714285714,91008.0
4558609924,2016-04-24,8563.0,6890.0,2016-04-23,2016-04-25,8277.285714285714,99571.0
4558609924,2016-04-25,8095.0,8563.0,2016-04-24,2016-04-26,8156.571428571428,107666.0
4558609924,2016-04-26,9148.0,8095.0,2016-04-25,2016-04-27,8691.857142857143,116814.0
4558609924,2016-04-27,9557.0,9148.0,2016-04-26,2016-04-28,9371.0,126371.0
4558609924,2016-04-28,9451.0,9557.0,2016-04-27,2016-04-29,8757.857142857143,135822.0
4558609924,2016-04-29,7833.0,9451.0,2016-04-28,2016-04-30,8505.285714285714,143655.0
4558609924,2016-04-30,10319.0,7833.0,2016-04-29,2016-05-01,8995.142857142857,153974.0
4558609924,2016-05-01,3428.0,10319.0,2016-04-30,2016-05-02,8261.57142857143,157402.0
4558609924,2016-05-02,7891.0,3428.0,2016-05-01,2016-05-03,8232.42857142857,165293.0
4558609924,2016-05-03,5267.0,7891.0,2016-05-02,2016-05-04,7678.0,170560.0
4558609924,2016-05-04,5232.0,5267.0,2016-05-03,2016-05-05,7060.142857142857,175792.0
4558609924,2016-05-05,10611.0,5232.0,2016-05-04,2016-05-06,7225.857142857143,186403.0
4558609924,2016-05-06,3755.0,10611.0,2016-05-05,2016-05-07,6643.285714285715,190158.0
4558609924,2016-05-07,8237.0,3755.0,2016-05-06,2016-05-08,6345.857142857143,198395.0
4558609924,2016-05-08,6543.0,8237.0,2016-05-07,2016-05-09,6790.857142857143,204938.0
4558609924,2016-05-09,11451.0,6543.0,2016-05-08,2016-05-10,7299.428571428572,216389.0
4558609924,2016-05-10,6435.0,11451.0,2016-05-09,2016-05-11,7466.285714285715,222824.0
4558609924,2016-05-11,9108.0,6435.0,2016-05-10,2016-05-12,8020.0,231932.0
4558609924,2016-05-12,6307.0,9108.0,2016-05-11,,7405.142857142857,238239.0
4702921684,2016-04-12,7213.0,,,2016-04-13,7213.0,7213.0
4702921684,2016-04-13,6877.0,7213.0,2016-04-12,2016-04-14,7045.0,14090.0
4702921684,2016-04-14,7860.0,6877.0,2016-04-13,2016-04-15,7316.666666666667,21950.0
4702921684,2016-04-15,6506.0,7860.0,2016-04-14,2016-04-16,7114.0,28456.0
4702921684,2016-04-16,11140.0,6506.0,2016-04-15,2016-04-17,7919.2,39596.0
4702921684,2016-04-17,12692.0,11140.0,2016-04-16,2016-04-18,8714.666666666666,52288.0
4702921684,2016-04-18,9105.0,12692.0,2016-04-17,2016-04-19,8770.42857142857,61393.0
4702921684,2016-04-19,6708.0,9105.0,2016-04-18,2016-04-20,8698.285714285714,68101.0
4702921684,2016-04-20,8793.0,6708.0,2016-04-19,2016-04-21,8972.0,76894.0
4702921684,2016-04-21,6530.0,8793.0,2016-04-20,2016-04-22,8782.0,83424.0
4702921684,2016-04-22,1664.0,6530.0,2016-04-21,2016-04-23,8090.285714285715,85088.0
4702921684,2016-04-23,15126.0,1664.0,2016-04-22,2016-04-24,8659.714285714286,100214.0
4702921684,2016-04-24,15050.0,15126.0,2016-04-23,2016-04-25,8996.57142857143,115264.0
4702921684,2016-04-25,9167.0,15050.0,2016-04-24,2016-04-26,9005.42857142857,124431.0
4702921684,2016-04-26,6108.0,9167.0,2016-04-25,2016-04-27,8919.714285714286,130539.0
4702921684,2016-04-27,7047.0,6108.0,2016-04-26,2016-04-28,8670.285714285714,137586.0
4702921684,2016-04-28,9023.0,7047.0,2016-04-27,2016-04-29,9026.42857142857,146609.0
4702921684,2016-04-29,9930.0,9023.0,2016-04-28,2016-04-30,10207.285714285714,156539.0
4702921684,2016-04-30,10144.0,9930.0,2016-04-29,2016-05-02,9495.57142857143,166683.0
4702921684,2016-05-02,7245.0,10144.0,2016-04-30,2016-05-03,8249.5,173928.0
4702921684,2016-05-03,9454.0,7245.0,2016-05-02,2016-05-04,8807.166666666666,183382.0
4702921684,2016-05-04,8161.0,9454.0,2016-05-03,2016-05-05,8992.833333333334,191543.0
4702921684,2016-05-05,8614.0,8161.0,2016-05-04,2016-05-06,8924.666666666666,200157.0
4702921684,2016-05-06,6943.0,8614.0,2016-05-05,2016-05-07,8426.833333333334,207100.0
4702921684,2016-05-07,14370.0,6943.0,2016-05-06,2016-05-08,9131.166666666666,221470.0
4702921684,2016-05-08,12857.0,14370.0,2016-05-07,2016-05-09,9663.42857142857,234327.0
4702921684,2016-05-09,8232.0,12857.0,2016-05-08,2016-05-10,9804.42857142857,242559.0
4702921684,2016-05-10,10613.0,8232.0,2016-05-09,2016-05-11,9970.0,253172.0
4702921684,2016-05-11,9810.0,10613.0,2016-05-10,2016-05-12,10205.57142857143,262982.0
4702921684,2016-05-12,2752.0,9810.0,2016-05-11,,9368.142857142857,265734.0
5553957443,2016-04-12,11596.0,,,2016-04-13,11596.0,11596.0
5553957443,2016-04-13,4832.0,11596.0,2016-04-12,2016-04-14,8214.0,16428.0
5553957443,2016-04-14,17022.0,4832.0,2016-04-13,2016-04-15,11150.0,33450.0
5553957443,2016-04-15,16556.0,17022.0,2016-04-14,2016-04-16,12501.5,50006.0
5553957443,2016-04-16,5771.0,16556.0,2016-04-15,2016-04-17,11155.4,55777.0
5553957443,2016-04-17,655.0,5771.0,2016-04-16,2016-04-18,9405.333333333334,56432.0
5553957443,2016-04-18,3727.0,655.0,2016-04-17,2016-04-19,8594.142857142857,60159.0
5553957443,2016-04-19,15482.0,3727.0,2016-04-18,2016-04-20,9149.285714285714,75641.0
5553957443,2016-04-20,2713.0,15482.0,2016-04-19,2016-04-21,8846.57142857143,78354.0
5553957443,2016-04-21,12346.0,2713.0,2016-04-20,2016-04-22,8178.571428571428,90700.0
5553957443,2016-04-22,11682.0,12346.0,2016-04-21,2016-04-23,7482.285714285715,102382.0
5553957443,2016-04-23,4112.0,11682.0,2016-04-22,2016-04-24,7245.285714285715,106494.0
5553957443,2016-04-24,1807.0,4112.0,2016-04-23,2016-04-25,7409.857142857143,108301.0
5553957443,2016-04-25,10946.0,1807.0,2016-04-24,2016-04-26,8441.142857142857,119247.0
5553957443,2016-04-26,11886.0,10946.0,2016-04-25,2016-04-27,7927.428571428572,131133.0
5553957443,2016-04-27,10538.0,11886.0,2016-04-26,2016-04-28,9045.285714285714,141671.0
5553957443,2016-04-28,11393.0,10538.0,2016-04-27,2016-04-29,8909.142857142857,153064.0
5553957443,2016-04-29,12764.0,11393.0,2016-04-28,2016-04-30,9063.714285714286,165828.0
5553957443,2016-04-30,1202.0,12764.0,2016-04-29,2016-05-01,8648.0,167030.0
5553957443,2016-05-01,5164.0,1202.0,2016-04-30,2016-05-02,9127.57142857143,172194.0
5553957443,2016-05-02,9769.0,5164.0,2016-05-01,2016-05-03,8959.42857142857,181963.0
5553957443,2016-05-03,12848.0,9769.0,2016-05-02,2016-05-04,9096.857142857143,194811.0
5553957443,2016-05-04,4249.0,12848.0,2016-05-03,2016-05-05,8198.42857142857,199060.0
5553957443,2016-05-05,14331.0,4249.0,2016-05-04,2016-05-06,8618.142857142857,213391.0
5553957443,2016-05-06,9632.0,14331.0,2016-05-05,2016-05-07,8170.714285714285,223023.0
5553957443,2016-05-07,1868.0,9632.0,2016-05-06,2016-05-08,8265.857142857143,224891.0
5553957443,2016-05-08,6083.0,1868.0,2016-05-07,2016-05-09,8397.142857142857,230974.0
5553957443,2016-05-09,11611.0,6083.0,2016-05-08,2016-05-10,8660.285714285714,242585.0
5553957443,2016-05-10,16358.0,11611.0,2016-05-09,2016-05-11,9161.714285714286,258943.0
5553957443,2016-05-11,4926.0,16358.0,2016-05-10,2016-05-12,9258.42857142857,263869.0
5553957443,2016-05-12,3121.0,4926.0,2016-05-11,,7657.0,266990.0
5577150313,2016-04-12,8135.0,,,2016-04-13,8135.0,8135.0
5577150313,2016-04-13,5077.0,8135.0,2016-04-12,2016-04-14,6606.0,13212.0
5577150313,2016-04-14,8596.0,5077.0,2016-04-13,2016-04-15,7269.333333333333,21808.0
5577150313,2016-04-15,12087.0,8596.0,2016-04-14,2016-04-16,8473.75,33895.0
5577150313,2016-04-16,14269.0,12087.0,2016-04-15,2016-04-17,9632.8,48164.0
5577150313,2016-04-17,12231.0,14269.0,2016-04-16,2016-04-18,10065.833333333334,60395.0
5577150313,2016-04-18,9893.0,12231.0,2016-04-17,2016-04-19,10041.142857142857,70288.0
5577150313,2016-04-19,12574.0,9893.0,2016-04-18,2016-04-20,10675.285714285714,82862.0
5577150313,2016-04-20,8330.0,12574.0,2016-04-19,2016-04-21,11140.0,91192.0
5577150313,2016-04-21,10830.0,8330.0,2016-04-20,2016-04-22,11459.142857142857,102022.0
5577150313,2016-04-22,9172.0,10830.0,2016-04-21,2016-04-23,11042.714285714286,111194.0
5577150313,2016-04-23,7638.0,9172.0,2016-04-22,2016-04-24,10095.42857142857,118832.0
5577150313,2016-04-24,15764.0,7638.0,2016-04-23,2016-04-25,10600.142857142857,134596.0
5577150313,2016-04-25,6393.0,15764.0,2016-04-24,2016-04-26,10100.142857142857,140989.0
5577150313,2016-04-26,5325.0,6393.0,2016-04-25,2016-04-27,9064.57142857143,146314.0
5577150313,2016-04-27,6805.0,5325.0,2016-04-26,2016-04-28,8846.714285714286,153119.0
5577150313,2016-04-28,9841.0,6805.0,2016-04-27,2016-04-29,8705.42857142857,162960.0
5577150313,2016-04-29,7924.0,9841.0,2016-04-28,2016-04-30,8527.142857142857,170884.0
5577150313,2016-04-30,12363.0,7924.0,2016-04-29,2016-05-01,9202.142857142857,183247.0
5577150313,2016-05-01,13368.0,12363.0,2016-04-30,2016-05-02,8859.857142857143,196615.0
5577150313,2016-05-02,7439.0,13368.0,2016-05-01,2016-05-03,9009.285714285714,204054.0
5577150313,2016-05-03,11045.0,7439.0,2016-05-02,2016-05-04,9826.42857142857,215099.0
5577150313,2016-05-04,5206.0,11045.0,2016-05-03,2016-05-05,9598.0,220305.0
5577150313,2016-05-05,7550.0,5206.0,2016-05-04,2016-05-06,9270.714285714286,227855.0
5577150313,2016-05-06,4950.0,7550.0,2016-05-05,2016-05-09,8845.857142857143,232805.0
5577150313,2016-05-09,3421.0,4950.0,2016-05-06,2016-05-10,6434.4,236226.0
5577150313,2016-05-10,8869.0,3421.0,2016-05-09,2016-05-11,5999.2,245095.0
5577150313,2016-05-11,4038.0,8869.0,2016-05-10,,5765.6,249133.0
6117666160,2016-04-15,14019.0,,,2016-04-16,14019.0,14019.0
6117666160,2016-04-16,14450.0,14019.0,2016-04-15,2016-04-17,14234.5,28469.0
6117666160,2016-04-17,7150.0,14450.0,2016-04-16,2016-04-18,11873.0,35619.0
6117666160,2016-04-18,5153.0,7150.0,2016-04-17,2016-04-19,10193.0,40772.0
6117666160,2016-04-19,11135.0,5153.0,2016-04-18,2016-04-20,10381.4,51907.0
6117666160,2016-04-20,10449.0,11135.0,2016-04-19,2016-04-21,10392.666666666666,62356.0
6117666160,2016-04-21,19542.0,10449.0,2016-04-20,2016-04-22,11699.714285714286,81898.0
6117666160,2016-04-22,8206.0,19542.0,2016-04-21,2016-04-23,10869.285714285714,90104.0
6117666160,2016-04-23,11495.0,8206.0,2016-04-22,2016-04-24,10447.142857142857,101599.0
6117666160,2016-04-24,7623.0,11495.0,2016-04-23,2016-04-26,10514.714285714286,109222.0
6117666160,2016-04-26,9543.0,7623.0,2016-04-24,2016-04-27,11143.0,118765.0
6117666160,2016-04-27,9411.0,9543.0,2016-04-26,2016-04-28,10970.0,128176.0
6117666160,2016-04-28,3403.0,9411.0,2016-04-27,2016-04-29,8280.166666666666,131579.0
6117666160,2016-04-29,9592.0,3403.0,2016-04-28,2016-04-30,8511.166666666666,141171.0
6117666160,2016-04-30,6987.0,9592.0,2016-04-29,2016-05-01,7759.833333333333,148158.0
6117666160,2016-05-01,8915.0,6987.0,2016-04-30,2016-05-02,7975.166666666667,157073.0
6117666160,2016-05-02,4933.0,8915.0,2016-05-01,2016-05-04,7540.571428571428,162006.0
6117666160,2016-05-04,2997.0,4933.0,2016-05-02,2016-05-05,6137.833333333333,165003.0
6117666160,2016-05-05,9799.0,2997.0,2016-05-04,2016-05-06,7203.833333333333,174802.0
6117666160,2016-05-06,3365.0,9799.0,2016-05-05,2016-05-07,6166.0,178167.0
6117666160,2016-05-07,7336.0,3365.0,2016-05-06,2016-05-08,6224.166666666667,185503.0
6117666160,2016-05-08,7328.0,7336.0,2016-05-07,2016-05-09,5959.666666666667,192831.0
6117666160,2016-05-09,4477.0,7328.0,2016-05-08,,5883.666666666667,197308.0
6290855005,2016-04-12,4562.0,,,2016-04-13,4562.0,4562.0
6290855005,2016-04-13,7142.0,4562.0,2016-04-12,2016-04-14,5852.0,11704.0
6290855005,2016-04-14,7671.0,7142.0,2016-04-13,2016-04-15,6458.333333333333,19375.0
6290855005,2016-04-15,9501.0,7671.0,2016-04-14,2016-04-16,7219.0,28876.0
6290855005,2016-04-16,8301.0,9501.0,2016-04-15,2016-04-17,7435.4,37177.0
6290855005,2016-04-17,7851.0,8301.0,2016-04-16,2016-04-18,7504.666666666667,45028.0
6290855005,2016-04-18,6885.0,7851.0,2016-04-17,2016-04-19,7416.142857142857,51913.0
6290855005,2016-04-19,7142.0,6885.0,2016-04-18,2016-04-20,7784.714285714285,59055.0
6290855005,2016-04-20,6361.0,7142.0,2016-04-19,2016-04-22,7673.142857142857,65416.0
6290855005,2016-04-22,6238.0,6361.0,2016-04-20,2016-04-24,7129.666666666667,71654.0
6290855005,2016-04-24,5896.0,6238.0,2016-04-22,2016-04-25,6504.4,77550.0
6290855005,2016-04-25,7802.0,5896.0,2016-04-24,2016-04-27,6687.8,85352.0
6290855005,2016-04-27,5565.0,7802.0,2016-04-25,2016-04-28,6375.25,90917.0
6290855005,2016-04-28,5731.0,5565.0,2016-04-27,2016-04-30,6246.4,96648.0
6290855005,2016-04-30,6744.0,5731.0,2016-04-28,2016-05-01,6347.6,103392.0
6290855005,2016-05-01,9837.0,6744.0,2016-04-30,2016-05-02,7135.8,113229.0
6290855005,2016-05-02,6781.0,9837.0,2016-05-01,2016-05-03,6931.6,120010.0
6290855005,2016-05-03,6047.0,6781.0,2016-05-02,2016-05-04,6784.166666666667,126057.0
6290855005,2016-05-04,5832.0,6047.0,2016-05-03,2016-05-05,6828.666666666667,131889.0
6290855005,2016-05-05,6339.0,5832.0,2016-05-04,2016-05-06,6930.0,138228.0
6290855005,2016-05-06,6116.0,6339.0,2016-05-05,2016-05-07,6813.714285714285,144344.0
6290855005,2016-05-07,5510.0,6116.0,2016-05-06,2016-05-08,6637.428571428572,149854.0
6290855005,2016-05-08,7706.0,5510.0,2016-05-07,2016-05-09,6333.0,157560.0
6290855005,2016-05-09,6277.0,7706.0,2016-05-08,,6261.0,163837.0
6775888955,2016-04-13,4053.0,,,2016-04-14,4053.0,4053.0
6775888955,2016-04-14,5162.0,4053.0,2016-04-13,2016-04-15,4607.5,9215.0
6775888955,2016-04-15,1282.0,5162.0,2016-04-14,2016-04-16,3499.0,10497.0
6775888955,2016-04-16,4732.0,1282.0,2016-04-15,2016-04-17,3807.25,15229.0
6775888955,2016-04-17,2497.0,4732.0,2016-04-16,2016-04-18,3545.2,17726.0
6775888955,2016-04-18,8294.0,2497.0,2016-04-17,2016-04-20,4336.666666666667,26020.0
6775888955,2016-04-20,10771.0,8294.0,2016-04-18,2016-04-22,5456.333333333333,36791.0
6775888955,2016-04-22,637.0,10771.0,2016-04-20,2016-04-24,5386.2,37428.0
6775888955,2016-04-24,2153.0,637.0,2016-04-22,2016-04-25,5463.75,39581.0
6775888955,2016-04-25,6474.0,2153.0,2016-04-24,2016-04-26,5008.75,46055.0
6775888955,2016-04-26,7091.0,6474.0,2016-04-25,2016-04-28,5425.2,53146.0
6775888955,2016-04-28,703.0,7091.0,2016-04-26,2016-04-30,3411.6,53849.0
6775888955,2016-04-30,2503.0,703.0,2016-04-28,2016-05-01,3784.8,56352.0
6775888955,2016-05-01,2487.0,2503.0,2016-04-30,2016-05-06,3851.6,58839.0
6775888955,2016-05-06,4697.0,2487.0,2016-05-01,2016-05-07,3229.0,63536.0
6775888955,2016-05-07,1967.0,4697.0,2016-05-06,,3050.3333333333335,65503.0
6962181067,2016-04-12,10199.0,,,2016-04-13,10199.0,10199.0
6962181067,2016-04-13,5652.0,10199.0,2016-04-12,2016-04-14,7925.5,15851.0
6962181067,2016-04-14,1551.0,5652.0,2016-04-13,2016-04-15,5800.666666666667,17402.0
6962181067,2016-04-15,5563.0,1551.0,2016-04-14,2016-04-16,5741.25,22965.0
6962181067,2016-04-16,13217.0,5563.0,2016-04-15,2016-04-17,7236.4,36182.0
6962181067,2016-04-17,10145.0,13217.0,2016-04-16,2016-04-18,7721.166666666667,46327.0
6962181067,2016-04-18,11404.0,10145.0,2016-04-17,2016-04-19,8247.285714285714,57731.0
6962181067,2016-04-19,10742.0,11404.0,2016-04-18,2016-04-20,8324.857142857143,68473.0
6962181067,2016-04-20,13928.0,10742.0,2016-04-19,2016-04-21,9507.142857142857,82401.0
6962181067,2016-04-21,11835.0,13928.0,2016-04-20,2016-04-22,10976.285714285714,94236.0
6962181067,2016-04-22,10725.0,11835.0,2016-04-21,2016-04-23,11713.714285714286,104961.0
6962181067,2016-04-23,20031.0,10725.0,2016-04-22,2016-04-24,12687.142857142857,124992.0
6962181067,2016-04-24,5029.0,20031.0,2016-04-23,2016-04-25,11956.285714285714,130021.0
6962181067,2016-04-25,13239.0,5029.0,2016-04-24,2016-04-26,12218.42857142857,143260.0
6962181067,2016-04-26,10433.0,13239.0,2016-04-25,2016-04-27,12174.285714285714,153693.0
6962181067,2016-04-27,10320.0,10433.0,2016-04-26,2016-04-28,11658.857142857143,164013.0
6962181067,2016-04-28,12627.0,10320.0,2016-04-27,2016-04-29,11772.0,176640.0
6962181067,2016-04-29,10762.0,12627.0,2016-04-28,2016-04-30,11777.285714285714,187402.0
6962181067,2016-04-30,10081.0,10762.0,2016-04-29,2016-05-01,10355.857142857143,197483.0
6962181067,2016-05-01,5454.0,10081.0,2016-04-30,2016-05-02,10416.57142857143,202937.0
6962181067,2016-05-02,12912.0,5454.0,2016-05-01,2016-05-03,10369.857142857143,215849.0
6962181067,2016-05-03,12109.0,12912.0,2016-05-02,2016-05-04,10609.285714285714,227958.0
6962181067,2016-05-04,10147.0,12109.0,2016-05-03,2016-05-05,10584.57142857143,238105.0
6962181067,2016-05-05,10524.0,10147.0,2016-05-04,2016-05-06,10284.142857142857,248629.0
6962181067,2016-05-06,5908.0,10524.0,2016-05-05,2016-05-07,9590.714285714286,254537.0
6962181067,2016-05-07,6815.0,5908.0,2016-05-06,2016-05-08,9124.142857142857,261352.0
6962181067,2016-05-08,4188.0,6815.0,2016-05-07,2016-05-09,8943.285714285714,265540.0
6962181067,2016-05-09,12342.0,4188.0,2016-05-08,2016-05-10,8861.857142857143,277882.0
6962181067,2016-05-10,15448.0,12342.0,2016-05-09,2016-05-11,9338.857142857143,293330.0
6962181067,2016-05-11,6722.0,15448.0,2016-05-10,2016-05-12,8849.57142857143,300052.0
6962181067,2016-05-12,3587.0,6722.0,2016-05-11,,7858.571428571428,303639.0
7007744171,2016-04-12,14172.0,,,2016-04-13,14172.0,14172.0
7007744171,2016-04-13,12862.0,14172.0,2016-04-12,2016-04-14,13517.0,27034.0
7007744171,2016-04-14,11179.0,12862.0,2016-04-13,2016-04-15,12737.666666666666,38213.0
7007744171,2016-04-15,5273.0,11179.0,2016-04-14,2016-04-16,10871.5,43486.0
7007744171,2016-04-16,4631.0,5273.0,2016-04-15,2016-04-17,9623.4,48117.0
7007744171,2016-04-17,8059.0,4631.0,2016-04-16,2016-04-18,9362.666666666666,56176.0
7007744171,2016-04-18,14816.0,8059.0,2016-04-17,2016-04-19,10141.714285714286,70992.0
7007744171,2016-04-19,14194.0,14816.0,2016-04-18,2016-04-20,10144.857142857143,85186.0
7007744171,2016-04-20,15566.0,14194.0,2016-04-19,2016-04-21,10531.142857142857,100752.0
7007744171,2016-04-21,13744.0,15566.0,2016-04-20,2016-04-22,10897.57142857143,114496.0
7007744171,2016-04-22,15299.0,13744.0,2016-04-21,2016-04-23,12329.857142857143,129795.0
7007744171,2016-04-23,8093.0,15299.0,2016-04-22,2016-04-24,12824.42857142857,137888.0
7007744171,2016-04-24,11085.0,8093.0,2016-04-23,2016-04-25,13256.714285714286,148973.0
7007744171,2016-04-25,18229.0,11085.0,2016-04-24,2016-04-26,13744.285714285714,167202.0
7007744171,2016-04-26,15090.0,18229.0,2016-04-25,2016-04-27,13872.285714285714,182292.0
7007744171,2016-04-27,13541.0,15090.0,2016-04-26,2016-04-28,13583.0,195833.0
7007744171,2016-04-28,15128.0,13541.0,2016-04-27,2016-04-29,13780.714285714286,210961.0
7007744171,2016-04-29,20067.0,15128.0,2016-04-28,2016-04-30,14461.857142857143,231028.0
7007744171,2016-04-30,3761.0,20067.0,2016-04-29,2016-05-01,13843.0,234789.0
7007744171,2016-05-01,5600.0,3761.0,2016-04-30,2016-05-02,13059.42857142857,240389.0
7007744171,2016-05-02,13041.0,5600.0,2016-05-01,2016-05-03,12318.285714285714,253430.0
7007744171,2016-05-03,14510.0,13041.0,2016-05-02,2016-05-05,12235.42857142857,267940.0
7007744171,2016-05-05,15010.0,14510.0,2016-05-03,2016-05-06,11998.166666666666,282950.0
7007744171,2016-05-06,11459.0,15010.0,2016-05-05,,10563.5,294409.0
7086361926,2016-04-12,11317.0,,,2016-04-13,11317.0,11317.0
7086361926,2016-04-13,5813.0,11317.0,2016-04-12,2016-04-14,8565.0,17130.0
7086361926,2016-04-14,9123.0,5813.0,2016-04-13,2016-04-15,8751.0,26253.0
7086361926,2016-04-15,8585.0,9123.0,2016-04-14,2016-04-18,8709.5,34838.0
7086361926,2016-04-18,9827.0,8585.0,2016-04-15,2016-04-19,8933.0,44665.0
7086361926,2016-04-19,10688.0,9827.0,2016-04-18,2016-04-20,8807.2,55353.0
7086361926,2016-04-20,14365.0,10688.0,2016-04-19,2016-04-21,10517.6,69718.0
7086361926,2016-04-21,9469.0,14365.0,2016-04-20,2016-04-22,10586.8,79187.0
7086361926,2016-04-22,9753.0,9469.0,2016-04-21,2016-04-23,10820.4,88940.0
7086361926,2016-04-23,2817.0,9753.0,2016-04-22,2016-04-24,9486.5,91757.0
7086361926,2016-04-24,3520.0,2817.0,2016-04-23,2016-04-25,8634.142857142857,95277.0
7086361926,2016-04-25,10091.0,3520.0,2016-04-24,2016-04-26,8671.857142857143,105368.0
7086361926,2016-04-26,10387.0,10091.0,2016-04-25,2016-04-27,8628.857142857143,115755.0
7086361926,2016-04-27,11107.0,10387.0,2016-04-26,2016-04-28,8163.428571428572,126862.0
7086361926,2016-04-28,11584.0,11107.0,2016-04-27,2016-04-29,8465.57142857143,138446.0
7086361926,2016-04-29,7881.0,11584.0,2016-04-28,2016-04-30,8198.142857142857,146327.0
7086361926,2016-04-30,14560.0,7881.0,2016-04-29,2016-05-01,9875.714285714286,160887.0
7086361926,2016-05-01,12390.0,14560.0,2016-04-30,2016-05-02,11142.857142857143,173277.0
7086361926,2016-05-02,10052.0,12390.0,2016-05-01,2016-05-03,11137.285714285714,183329.0
7086361926,2016-05-03,10288.0,10052.0,2016-05-02,2016-05-04,11123.142857142857,193617.0
7086361926,2016-05-04,10988.0,10288.0,2016-05-03,2016-05-05,11106.142857142857,204605.0
7086361926,2016-05-05,8564.0,10988.0,2016-05-04,2016-05-06,10674.714285714286,213169.0
7086361926,2016-05-06,12461.0,8564.0,2016-05-05,2016-05-07,11329.0,225630.0
7086361926,2016-05-07,12827.0,12461.0,2016-05-06,2016-05-08,11081.42857142857,238457.0
7086361926,2016-05-08,10677.0,12827.0,2016-05-07,2016-05-09,10836.714285714286,249134.0
7086361926,2016-05-09,13566.0,10677.0,2016-05-08,2016-05-10,11338.714285714286,262700.0
7086361926,2016-05-10,14433.0,13566.0,2016-05-09,2016-05-11,11930.857142857143,277133.0
7086361926,2016-05-11,9572.0,14433.0,2016-05-10,2016-05-12,11728.57142857143,286705.0
7086361926,2016-05-12,3789.0,9572.0,2016-05-11,,11046.42857142857,290494.0
8053475328,2016-04-12,18060.0,,,2016-04-13,18060.0,18060.0
8053475328,2016-04-13,16433.0,18060.0,2016-04-12,2016-04-14,17246.5,34493.0
8053475328,2016-04-14,20159.0,16433.0,2016-04-13,2016-04-15,18217.333333333332,54652.0
8053475328,2016-04-15,20669.0,20159.0,2016-04-14,2016-04-16,18830.25,75321.0
8053475328,2016-04-16,14549.0,20669.0,2016-04-15,2016-04-17,17974.0,89870.0
8053475328,2016-04-17,18827.0,14549.0,2016-04-16,2016-04-18,18116.166666666668,108697.0
8053475328,2016-04-18,17076.0,18827.0,2016-04-17,2016-04-19,17967.571428571428,125773.0
8053475328,2016-04-19,15929.0,17076.0,2016-04-18,2016-04-20,17663.14285714286,141702.0
8053475328,2016-04-20,15108.0,15929.0,2016-04-19,2016-04-21,17473.85714285714,156810.0
8053475328,2016-04-21,16057.0,15108.0,2016-04-20,2016-04-22,16887.85714285714,172867.0
8053475328,2016-04-22,10520.0,16057.0,2016-04-21,2016-04-23,15438.0,183387.0
8053475328,2016-04-23,22359.0,10520.0,2016-04-22,2016-04-24,16553.714285714286,205746.0
8053475328,2016-04-24,22988.0,22359.0,2016-04-23,2016-04-25,17148.14285714286,228734.0
8053475328,2016-04-25,20500.0,22988.0,2016-04-24,2016-04-26,17637.285714285714,249234.0
8053475328,2016-04-26,12685.0,20500.0,2016-04-25,2016-04-27,17173.85714285714,261919.0
8053475328,2016-04-27,12422.0,12685.0,2016-04-26,2016-04-28,16790.14285714286,274341.0
8053475328,2016-04-28,15447.0,12422.0,2016-04-27,2016-04-29,16703.0,289788.0
8053475328,2016-04-29,12315.0,15447.0,2016-04-28,2016-04-30,16959.428571428572,302103.0
8053475328,2016-04-30,7135.0,12315.0,2016-04-29,2016-05-01,14784.57142857143,309238.0
8053475328,2016-05-01,1170.0,7135.0,2016-04-30,2016-05-02,11667.714285714286,310408.0
8053475328,2016-05-02,1969.0,1170.0,2016-05-01,2016-05-03,9020.42857142857,312377.0
8053475328,2016-05-03,15484.0,1969.0,2016-05-02,2016-05-04,9420.285714285714,327861.0
8053475328,2016-05-04,14581.0,15484.0,2016-05-03,2016-05-05,9728.714285714286,342442.0
8053475328,2016-05-05,14990.0,14581.0,2016-05-04,2016-05-06,9663.42857142857,357432.0
8053475328,2016-05-06,13953.0,14990.0,2016-05-05,2016-05-07,9897.42857142857,371385.0
8053475328,2016-05-07,19769.0,13953.0,2016-05-06,2016-05-08,11702.285714285714,391154.0
8053475328,2016-05-08,22026.0,19769.0,2016-05-07,2016-05-09,14681.714285714286,413180.0
8053475328,2016-05-09,12465.0,22026.0,2016-05-08,2016-05-10,16181.142857142857,425645.0
8053475328,2016-05-10,14810.0,12465.0,2016-05-09,2016-05-11,16084.857142857143,440455.0
8053475328,2016-05-11,12209.0,14810.0,2016-05-10,2016-05-12,15746.0,452664.0
8053475328,2016-05-12,4998.0,12209.0,2016-05-11,,14318.57142857143,457662.0
8253242879,2016-04-12,9033.0,,,2016-04-13,9033.0,9033.0
8253242879,2016-04-13,8053.0,9033.0,2016-04-12,2016-04-14,8543.0,17086.0
8253242879,2016-04-14,5234.0,8053.0,2016-04-13,2016-04-15,7440.0,22320.0
8253242879,2016-04-15,2672.0,5234.0,2016-04-14,2016-04-16,6248.0,24992.0
8253242879,2016-04-16,9256.0,2672.0,2016-04-15,2016-04-17,6849.6,34248.0
8253242879,2016-04-17,10204.0,9256.0,2016-04-16,2016-04-18,7408.666666666667,44452.0
8253242879,2016-04-18,5151.0,10204.0,2016-04-17,2016-04-19,7086.142857142857,49603.0
8253242879,2016-04-19,4212.0,5151.0,2016-04-18,2016-04-20,6397.428571428572,53815.0
8253242879,2016-04-20,6466.0,4212.0,2016-04-19,2016-04-21,6170.714285714285,60281.0
8253242879,2016-04-21,11268.0,6466.0,2016-04-20,2016-04-22,7032.714285714285,71549.0
8253242879,2016-04-22,2824.0,11268.0,2016-04-21,2016-04-23,7054.428571428572,74373.0
8253242879,2016-04-23,9282.0,2824.0,2016-04-22,2016-04-24,7058.142857142857,83655.0
8253242879,2016-04-24,8905.0,9282.0,2016-04-23,2016-04-25,6872.571428571428,92560.0
8253242879,2016-04-25,6829.0,8905.0,2016-04-24,2016-04-26,7112.285714285715,99389.0
8253242879,2016-04-26,4562.0,6829.0,2016-04-25,2016-04-27,7162.285714285715,103951.0
8253242879,2016-04-27,10232.0,4562.0,2016-04-26,2016-04-28,7700.285714285715,114183.0
8253242879,2016-04-28,2718.0,10232.0,2016-04-27,2016-04-29,6478.857142857143,116901.0
8253242879,2016-04-29,6260.0,2718.0,2016-04-28,,6969.714285714285,123161.0
8378563200,2016-04-12,7626.0,,,2016-04-13,7626.0,7626.0
8378563200,2016-04-13,12386.0,7626.0,2016-04-12,2016-04-14,10006.0,20012.0
8378563200,2016-04-14,13318.0,12386.0,2016-04-13,2016-04-15,11110.0,33330.0
8378563200,2016-04-15,14461.0,13318.0,2016-04-14,2016-04-16,11947.75,47791.0
8378563200,2016-04-16,11207.0,14461.0,2016-04-15,2016-04-17,11799.6,58998.0
8378563200,2016-04-17,2132.0,11207.0,2016-04-16,2016-04-18,10188.333333333334,61130.0
8378563200,2016-04-18,13630.0,2132.0,2016-04-17,2016-04-19,10680.0,74760.0
8378563200,2016-04-19,13070.0,13630.0,2016-04-18,2016-04-20,11457.714285714286,87830.0
8378563200,2016-04-20,9388.0,13070.0,2016-04-19,2016-04-21,11029.42857142857,97218.0
8378563200,2016-04-21,15148.0,9388.0,2016-04-20,2016-04-22,11290.857142857143,112366.0
8378563200,2016-04-22,12200.0,15148.0,2016-04-21,2016-04-23,10967.857142857143,124566.0
8378563200,2016-04-23,5709.0,12200.0,2016-04-22,2016-04-24,10182.42857142857,130275.0
8378563200,2016-04-24,3703.0,5709.0,2016-04-23,2016-04-25,10406.857142857143,133978.0
8378563200,2016-04-25,12405.0,3703.0,2016-04-24,2016-04-26,10231.857142857143,146383.0
8378563200,2016-04-26,16208.0,12405.0,2016-04-25,2016-04-27,10680.142857142857,162591.0
8378563200,2016-04-27,7359.0,16208.0,2016-04-26,2016-04-28,10390.285714285714,169950.0
8378563200,2016-04-28,5417.0,7359.0,2016-04-27,2016-04-29,9000.142857142857,175367.0
8378563200,2016-04-29,6175.0,5417.0,2016-04-28,2016-04-30,8139.428571428572,181542.0
8378563200,2016-04-30,2946.0,6175.0,2016-04-29,2016-05-01,7744.714285714285,184488.0
8378563200,2016-05-01,11419.0,2946.0,2016-04-30,2016-05-02,8847.0,195907.0
8378563200,2016-05-02,6064.0,11419.0,2016-05-01,2016-05-03,7941.142857142857,201971.0
8378563200,2016-05-03,8712.0,6064.0,2016-05-02,2016-05-04,6870.285714285715,210683.0
8378563200,2016-05-04,7875.0,8712.0,2016-05-03,2016-05-05,6944.0,218558.0
8378563200,2016-05-05,8567.0,7875.0,2016-05-04,2016-05-06,7394.0,227125.0
8378563200,2016-05-06,7045.0,8567.0,2016-05-05,2016-05-07,7518.285714285715,234170.0
8378563200,2016-05-07,4468.0,7045.0,2016-05-06,2016-05-08,7735.714285714285,238638.0
8378563200,2016-05-08,2943.0,4468.0,2016-05-07,2016-05-09,6524.857142857143,241581.0
8378563200,2016-05-09,8382.0,2943.0,2016-05-08,2016-05-10,6856.0,249963.0
8378563200,2016-05-10,6582.0,8382.0,2016-05-09,2016-05-11,6551.714285714285,256545.0
8378563200,2016-05-11,9143.0,6582.0,2016-05-10,2016-05-12,6732.857142857143,265688.0
8378563200,2016-05-12,4561.0,9143.0,2016-05-11,,6160.571428571428,270249.0
8583815059,2016-04-12,5014.0,,,2016-04-13,5014.0,5014.0
8583815059,2016-04-13,5571.0,5014.0,2016-04-12,2016-04-14,5292.5,10585.0
8583815059,2016-04-14,3135.0,5571.0,2016-04-13,2016-04-15,4573.333333333333,13720.0
8583815059,2016-04-15,3430.0,3135.0,2016-04-14,2016-04-18,4287.5,17150.0
8583815059,2016-04-18,3864.0,3430.0,2016-04-15,2016-04-19,4202.8,21014.0
8583815059,2016-04-19,5697.0,3864.0,2016-04-18,2016-04-20,4339.4,26711.0
8583815059,2016-04-20,5273.0,5697.0,2016-04-19,2016-04-21,4279.8,31984.0
8583815059,2016-04-21,8538.0,5273.0,2016-04-20,2016-04-22,5360.4,40522.0
8583815059,2016-04-22,8687.0,8538.0,2016-04-21,2016-04-23,6411.8,49209.0
8583815059,2016-04-23,9423.0,8687.0,2016-04-22,2016-04-24,6913.666666666667,58632.0
8583815059,2016-04-24,8286.0,9423.0,2016-04-23,2016-04-25,7109.714285714285,66918.0
8583815059,2016-04-25,4503.0,8286.0,2016-04-24,2016-04-26,7201.0,71421.0
8583815059,2016-04-26,10499.0,4503.0,2016-04-25,2016-04-27,7887.0,81920.0
8583815059,2016-04-27,12474.0,10499.0,2016-04-26,2016-04-28,8915.714285714286,94394.0
8583815059,2016-04-28,6174.0,12474.0,2016-04-27,2016-04-29,8578.0,100568.0
8583815059,2016-04-29,15168.0,6174.0,2016-04-28,2016-04-30,9503.857142857143,115736.0
8583815059,2016-04-30,10085.0,15168.0,2016-04-29,2016-05-01,9598.42857142857,125821.0
8583815059,2016-05-01,4512.0,10085.0,2016-04-30,2016-05-05,9059.285714285714,130333.0
8583815059,2016-05-05,12427.0,4512.0,2016-05-01,2016-05-06,10548.0,142760.0
8583815059,2016-05-06,5843.0,12427.0,2016-05-05,2016-05-07,8216.75,148603.0
8583815059,2016-05-07,6117.0,5843.0,2016-05-06,2016-05-08,7224.75,154720.0
8583815059,2016-05-08,9217.0,6117.0,2016-05-07,2016-05-09,8401.0,163937.0
8583815059,2016-05-09,9877.0,9217.0,2016-05-08,2016-05-10,8696.2,173814.0
8583815059,2016-05-10,8240.0,9877.0,2016-05-09,2016-05-11,8620.166666666666,182054.0
8583815059,2016-05-11,8701.0,8240.0,2016-05-10,,8631.714285714286,190755.0
8792009665,2016-04-12,2564.0,,,2016-04-13,2564.0,2564.0
8792009665,2016-04-13,1320.0,2564.0,2016-04-12,2016-04-14,1942.0,3884.0
8792009665,2016-04-14,1219.0,1320.0,2016-04-13,2016-04-15,1701.0,5103.0
8792009665,2016-04-15,2483.0,1219.0,2016-04-14,2016-04-16,1896.5,7586.0
8792009665,2016-04-16,244.0,2483.0,2016-04-15,2016-04-20,1566.0,7830.0
8792009665,2016-04-20,3147.0,244.0,2016-04-16,2016-04-21,1773.25,10977.0
8792009665,2016-04-21,144.0,3147.0,2016-04-20,2016-04-22,1504.5,11121.0
8792009665,2016-04-22,4068.0,144.0,2016-04-21,2016-04-23,1900.75,15189.0
8792009665,2016-04-23,5245.0,4068.0,2016-04-22,2016-04-24,3151.0,20434.0
8792009665,2016-04-24,400.0,5245.0,2016-04-23,2016-04-26,2600.8,20834.0
8792009665,2016-04-26,1321.0,400.0,2016-04-24,2016-04-27,2387.5,22155.0
8792009665,2016-04-27,1758.0,1321.0,2016-04-26,2016-04-28,2156.0,23913.0
8792009665,2016-04-28,6157.0,1758.0,2016-04-27,2016-04-29,3158.1666666666665,30070.0
8792009665,2016-04-29,8360.0,6157.0,2016-04-28,2016-04-30,3873.5,38430.0
8792009665,2016-04-30,7174.0,8360.0,2016-04-29,2016-05-01,4195.0,45604.0
8792009665,2016-05-01,1619.0,7174.0,2016-04-30,2016-05-02,4398.166666666667,47223.0
8792009665,2016-05-02,1831.0,1619.0,2016-05-01,2016-05-03,4031.4285714285716,49054.0
8792009665,2016-05-03,2421.0,1831.0,2016-05-02,2016-05-04,4188.571428571428,51475.0
8792009665,2016-05-04,2283.0,2421.0,2016-05-03,,4263.571428571428,53758.0
8877689391,2016-04-12,23186.0,,,2016-04-13,23186.0,23186.0
8877689391,2016-04-13,15337.0,23186.0,2016-04-12,2016-04-14,19261.5,38523.0
8877689391,2016-04-14,21129.0,15337.0,2016-04-13,2016-04-15,19884.0,59652.0
8877689391,2016-04-15,13422.0,21129.0,2016-04-14,2016-04-16,18268.5,73074.0
8877689391,2016-04-16,29326.0,13422.0,2016-04-15,2016-04-17,20480.0,102400.0
8877689391,2016-04-17,15118.0,29326.0,2016-04-16,2016-04-18,19586.333333333332,117518.0
8877689391,2016-04-18,11423.0,15118.0,2016-04-17,2016-04-19,18420.14285714286,128941.0
8877689391,2016-04-19,18785.0,11423.0,2016-04-18,2016-04-20,17791.428571428572,147726.0
8877689391,2016-04-20,19948.0,18785.0,2016-04-19,2016-04-21,18450.14285714286,167674.0
8877689391,2016-04-21,19377.0,19948.0,2016-04-20,2016-04-22,18199.85714285714,187051.0
8877689391,2016-04-22,18258.0,19377.0,2016-04-21,2016-04-23,18890.714285714286,205309.0
8877689391,2016-04-23,11200.0,18258.0,2016-04-22,2016-04-24,16301.285714285714,216509.0
8877689391,2016-04-24,16674.0,11200.0,2016-04-23,2016-04-25,16523.571428571428,233183.0
8877689391,2016-04-25,12986.0,16674.0,2016-04-24,2016-04-26,16746.85714285714,246169.0
8877689391,2016-04-26,11101.0,12986.0,2016-04-25,2016-04-27,15649.142857142857,257270.0
8877689391,2016-04-27,23629.0,11101.0,2016-04-26,2016-04-28,16175.0,280899.0
8877689391,2016-04-28,14890.0,23629.0,2016-04-27,2016-04-29,15534.0,295789.0
8877689391,2016-04-29,9733.0,14890.0,2016-04-28,2016-04-30,14316.142857142857,305522.0
8877689391,2016-04-30,27745.0,9733.0,2016-04-29,2016-05-01,16679.714285714286,333267.0
8877689391,2016-05-01,10930.0,27745.0,2016-04-30,2016-05-02,15859.142857142857,344197.0
8877689391,2016-05-02,4790.0,10930.0,2016-05-01,2016-05-03,14688.285714285714,348987.0
8877689391,2016-05-03,10818.0,4790.0,2016-05-02,2016-05-04,14647.857142857143,359805.0
8877689391,2016-05-04,18193.0,10818.0,2016-05-03,2016-05-05,13871.285714285714,377998.0
8877689391,2016-05-05,14055.0,18193.0,2016-05-04,2016-05-06,13752.0,392053.0
8877689391,2016-05-06,21727.0,14055.0,2016-05-05,2016-05-07,15465.42857142857,413780.0
8877689391,2016-05-07,12332.0,21727.0,2016-05-06,2016-05-08,13263.57142857143,426112.0
8877689391,2016-05-08,10686.0,12332.0,2016-05-07,2016-05-09,13228.714285714286,436798.0
8877689391,2016-05-09,20226.0,10686.0,2016-05-08,2016-05-10,15433.857142857143,457024.0
8877689391,2016-05-10,10733.0,20226.0,2016-05-09,2016-05-11,15421.714285714286,467757.0
8877689391,2016-05-11,21420.0,10733.0,2016-05-10,2016-05-12,15882.714285714286,489177.0
8877689391,2016-05-12,8064.0,21420.0,2016-05-11,,15026.857142857143,497241.0
