Id,sleep_date,TotalMinutesAsleep,sleep_efficiency,same_date_steps,previous_date_steps,next_date_steps
1503960366,2016-04-12,327.0,0.9450867052023122,13162.0,,10735.0
1503960366,2016-04-13,384.0,0.9434889434889435,10735.0,13162.0,10460.0
1503960366,2016-04-15,412.0,0.9321266968325792,9762.0,10460.0,12669.0
1503960366,2016-04-16,340.0,0.9264305177111717,12669.0,9762.0,9705.0
1503960366,2016-04-17,700.0,0.9831460674157303,9705.0,12669.0,13019.0
1503960366,2016-04-19,304.0,0.95,15506.0,13019.0,10544.0
1503960366,2016-04-20,360.0,0.9549071618037135,10544.0,15506.0,9819.0
1503960366,2016-04-21,325.0,0.8928571428571429,9819.0,10544.0,12764.0
1503960366,2016-04-23,361.0,0.9401041666666666,14371.0,12764.0,10039.0
1503960366,2016-04-24,430.0,0.9576837416481069,10039.0,14371.0,15355.0
1503960366,2016-04-25,277.0,0.8575851393188855,15355.0,10039.0,13755.0
1503960366,2016-04-26,245.0,0.8941605839416058,13755.0,15355.0,18134.0
1503960366,2016-04-28,366.0,0.9312977099236641,13154.0,18134.0,11181.0
1503960366,2016-04-29,341.0,0.963276836158192,11181.0,13154.0,14673.0
1503960366,2016-04-30,404.0,0.9505882352941176,14673.0,11181.0,10602.0
1503960366,2016-05-01,369.0,0.9318181818181818,10602.0,14673.0,14727.0
1503960366,2016-05-02,277.0,0.8964401294498382,14727.0,10602.0,15103.0
1503960366,2016-05-03,273.0,0.9222972972972973,15103.0,14727.0,11100.0
1503960366,2016-05-05,247.0,0.9356060606060606,14070.0,11100.0,12159.0
1503960366,2016-05-06,334.0,0.9100817438692098,12159.0,14070.0,11992.0
1503960366,2016-05-07,331.0,0.9484240687679083,11992.0,12159.0,10060.0
1503960366,2016-05-08,594.0,0.972176759410802,10060.0,11992.0,12022.0
1503960366,2016-05-09,338.0,0.9883040935672515,12022.0,10060.0,12207.0
1503960366,2016-05-10,383.0,0.9503722084367245,12207.0,12022.0,12770.0
1503960366,2016-05-11,285.0,0.9313725490196079,12770.0,12207.0,
1644430081,2016-04-29,119.0,0.937007874015748,3176.0,9405.0,18213.0
1644430081,2016-04-30,124.0,0.8732394366197183,18213.0,3176.0,6132.0
1644430081,2016-05-02,796.0,0.8283038501560874,3758.0,6132.0,12850.0
1644430081,2016-05-08,137.0,0.8896103896103896,6724.0,13372.0,6643.0
1844505072,2016-04-15,644.0,0.6701352757544224,3844.0,7937.0,3414.0
1844505072,2016-04-30,722.0,0.7513007284079084,4014.0,4920.0,2573.0
1844505072,2016-05-01,590.0,0.6139438085327783,2573.0,4014.0,
1927972279,2016-04-12,750.0,0.967741935483871,678.0,,356.0
1927972279,2016-04-13,398.0,0.943127962085308,356.0,678.0,2163.0
1927972279,2016-04-15,475.0,0.9519038076152304,980.0,2163.0,
1927972279,2016-04-26,296.0,0.9396825396825397,3761.0,152.0,
1927972279,2016-04-28,166.0,0.9325842696629213,1675.0,,
2026352035,2016-04-12,503.0,0.9212454212454212,4414.0,,4993.0
2026352035,2016-04-13,531.0,0.9398230088495575,4993.0,4414.0,3335.0
2026352035,2016-04-14,545.0,0.9595070422535211,3335.0,4993.0,3821.0
2026352035,2016-04-15,523.0,0.912739965095986,3821.0,3335.0,2547.0
2026352035,2016-04-16,524.0,0.9241622574955908,2547.0,3821.0,838.0
2026352035,2016-04-17,437.0,0.8775100401606426,838.0,2547.0,3325.0
2026352035,2016-04-19,498.0,0.9222222222222223,2424.0,3325.0,7222.0
2026352035,2016-04-20,461.0,0.903921568627451,7222.0,2424.0,2467.0
2026352035,2016-04-21,477.0,0.9280155642023347,2467.0,7222.0,2915.0
2026352035,2016-04-22,520.0,0.9541284403669725,2915.0,2467.0,12357.0
2026352035,2016-04-23,522.0,0.9422382671480144,12357.0,2915.0,3490.0
2026352035,2016-04-24,555.0,0.9390862944162437,3490.0,12357.0,6017.0
2026352035,2016-04-25,506.0,0.9529190207156308,6017.0,3490.0,5933.0
2026352035,2016-04-27,508.0,0.9321100917431193,6088.0,5933.0,6375.0
2026352035,2016-04-28,513.0,0.9412844036697248,6375.0,6088.0,7604.0
2026352035,2016-04-29,490.0,0.9607843137254902,7604.0,6375.0,4729.0
2026352035,2016-04-30,573.0,0.943986820428336,4729.0,7604.0,3609.0
2026352035,2016-05-01,527.0,0.9652014652014652,3609.0,4729.0,7018.0
2026352035,2016-05-02,511.0,0.9410681399631676,7018.0,3609.0,5992.0
2026352035,2016-05-04,538.0,0.9607142857142857,6564.0,5992.0,12167.0
2026352035,2016-05-05,468.0,0.9649484536082474,12167.0,6564.0,8198.0
2026352035,2016-05-06,524.0,0.9562043795620438,8198.0,12167.0,4193.0
2026352035,2016-05-07,511.0,0.980806142034549,4193.0,8198.0,5528.0
2026352035,2016-05-08,541.0,0.9524647887323944,5528.0,4193.0,10685.0
2026352035,2016-05-09,531.0,0.9550359712230215,10685.0,5528.0,254.0
2026352035,2016-05-10,357.0,0.9394736842105263,254.0,10685.0,8580.0
2026352035,2016-05-11,523.0,0.945750452079566,8580.0,254.0,8891.0
2026352035,2016-05-12,456.0,0.9402061855670103,8891.0,8580.0,
2320127002,2016-04-23,61.0,0.8840579710144928,5079.0,5583.0,4165.0
2347167796,2016-04-13,467.0,0.879472693032015,10352.0,10113.0,10129.0
2347167796,2016-04-14,445.0,0.9100204498977505,10129.0,10352.0,10465.0
2347167796,2016-04-15,452.0,0.8968253968253969,10465.0,10129.0,22244.0
2347167796,2016-04-17,556.0,0.9235880398671097,5472.0,22244.0,8247.0
2347167796,2016-04-18,500.0,0.8976660682226212,8247.0,5472.0,6711.0
2347167796,2016-04-19,465.0,0.9046692607003891,6711.0,8247.0,10999.0
2347167796,2016-04-21,460.0,0.9504132231404959,10080.0,10999.0,7804.0
2347167796,2016-04-22,405.0,0.8785249457700651,7804.0,10080.0,16901.0
2347167796,2016-04-23,374.0,0.9689119170984456,16901.0,7804.0,9471.0
2347167796,2016-04-24,442.0,0.9629629629629629,9471.0,16901.0,9482.0
2347167796,2016-04-25,433.0,0.9193205944798302,9482.0,9471.0,5980.0
2347167796,2016-04-26,436.0,0.889795918367347,5980.0,9482.0,11423.0
2347167796,2016-04-27,448.0,0.8977955911823647,11423.0,5980.0,5439.0
2347167796,2016-04-28,408.0,0.9066666666666666,5439.0,11423.0,
2347167796,2016-04-29,411.0,0.86892177589852,,5439.0,
3977333714,2016-04-12,274.0,0.5842217484008528,8856.0,,10035.0
3977333714,2016-04-13,295.0,0.6469298245614035,10035.0,8856.0,7641.0
3977333714,2016-04-14,291.0,0.7329974811083123,7641.0,10035.0,9010.0
3977333714,2016-04-15,424.0,0.762589928057554,9010.0,7641.0,13459.0
3977333714,2016-04-16,283.0,0.5549019607843138,13459.0,9010.0,10415.0
3977333714,2016-04-17,381.0,0.6731448763250883,10415.0,13459.0,11663.0
3977333714,2016-04-18,412.0,0.789272030651341,11663.0,10415.0,12414.0
3977333714,2016-04-19,219.0,0.5544303797468354,12414.0,11663.0,11658.0
3977333714,2016-04-20,152.0,0.49836065573770494,11658.0,12414.0,6093.0
3977333714,2016-04-21,332.0,0.6484375,6093.0,11658.0,8911.0
3977333714,2016-04-22,355.0,0.7457983193277311,8911.0,6093.0,12058.0
3977333714,2016-04-23,235.0,0.6317204301075269,12058.0,8911.0,14112.0
3977333714,2016-04-24,310.0,0.5893536121673004,14112.0,12058.0,11177.0
3977333714,2016-04-25,262.0,0.5610278372591007,11177.0,14112.0,11388.0
3977333714,2016-04-26,250.0,0.6738544474393531,11388.0,11177.0,7193.0
3977333714,2016-04-27,349.0,0.6462962962962963,7193.0,11388.0,7114.0
3977333714,2016-04-28,261.0,0.6170212765957447,7114.0,7193.0,10645.0
3977333714,2016-04-29,333.0,0.696652719665272,10645.0,7114.0,13238.0
3977333714,2016-04-30,237.0,0.6204188481675392,13238.0,10645.0,10414.0
3977333714,2016-05-01,383.0,0.6118210862619808,10414.0,13238.0,16520.0
3977333714,2016-05-02,230.0,0.5989583333333334,16520.0,10414.0,14335.0
3977333714,2016-05-03,292.0,0.584,14335.0,16520.0,13559.0
3977333714,2016-05-04,213.0,0.6339285714285714,13559.0,14335.0,12312.0
3977333714,2016-05-05,318.0,0.6625,12312.0,13559.0,11677.0
3977333714,2016-05-06,323.0,0.630859375,11677.0,12312.0,11550.0
3977333714,2016-05-07,237.0,0.5349887133182845,11550.0,11677.0,13585.0
3977333714,2016-05-08,259.0,0.5679824561403509,13585.0,11550.0,14687.0
3977333714,2016-05-10,312.0,0.6902654867256637,13072.0,14687.0,746.0
4020332650,2016-04-12,501.0,0.9260628465804066,8539.0,,
4020332650,2016-04-16,77.0,1.0,1982.0,1882.0,
4020332650,2016-05-03,322.0,0.9698795180722891,4496.0,475.0,10252.0
4020332650,2016-05-04,478.0,0.8917910447761194,10252.0,4496.0,11728.0
4020332650,2016-05-05,226.0,0.9112903225806451,11728.0,10252.0,4369.0
4020332650,2016-05-06,385.0,0.9436274509803921,4369.0,11728.0,6132.0
4020332650,2016-05-08,364.0,0.9054726368159204,5862.0,6132.0,4556.0
4020332650,2016-05-10,442.0,0.8947368421052632,5546.0,4556.0,3689.0
4319703577,2016-04-14,535.0,0.9605026929982047,10210.0,8204.0,5664.0
4319703577,2016-04-15,465.0,0.9470468431771895,5664.0,10210.0,4744.0
4319703577,2016-04-16,506.0,0.9693486590038314,4744.0,5664.0,
4319703577,2016-04-18,515.0,0.9346642468239564,2276.0,,8925.0
4319703577,2016-04-19,461.0,0.9257028112449799,8925.0,2276.0,8954.0
4319703577,2016-04-20,523.0,0.9631675874769797,8954.0,8925.0,3702.0
4319703577,2016-04-21,59.0,0.9076923076923077,3702.0,8954.0,4500.0
4319703577,2016-04-22,533.0,0.9690909090909091,4500.0,3702.0,4935.0
4319703577,2016-04-23,692.0,0.9584487534626038,4935.0,4500.0,4081.0
4319703577,2016-04-24,467.0,0.9321357285429142,4081.0,4935.0,9259.0
4319703577,2016-04-25,488.0,0.9644268774703557,9259.0,4081.0,9899.0
4319703577,2016-04-26,505.0,0.9786821705426356,9899.0,9259.0,10780.0
4319703577,2016-04-27,286.0,0.9315960912052117,10780.0,9899.0,10817.0
4319703577,2016-04-28,497.0,0.9521072796934866,10817.0,10780.0,7990.0
4319703577,2016-04-29,523.0,0.9578754578754579,7990.0,10817.0,8221.0
4319703577,2016-04-30,490.0,0.9496124031007752,8221.0,7990.0,1251.0
4319703577,2016-05-01,484.0,0.968,1251.0,8221.0,9261.0
4319703577,2016-05-02,478.0,0.9446640316205533,9261.0,1251.0,9648.0
4319703577,2016-05-03,474.0,0.92578125,9648.0,9261.0,10429.0
4319703577,2016-05-06,450.0,0.9164969450101833,9524.0,13658.0,7937.0
4319703577,2016-05-07,507.0,0.9566037735849057,7937.0,9524.0,3672.0
4319703577,2016-05-08,602.0,0.9435736677115988,3672.0,7937.0,10378.0
4319703577,2016-05-09,535.0,0.9469026548672567,10378.0,3672.0,9487.0
4319703577,2016-05-10,487.0,0.941972920696325,9487.0,10378.0,9129.0
4319703577,2016-05-11,529.0,0.9480286738351255,9129.0,9487.0,
4319703577,2016-05-12,302.0,0.940809968847352,,9129.0,
4388161847,2016-04-15,499.0,0.9486692015209125,8758.0,8863.0,6580.0
4388161847,2016-04-16,426.0,0.9508928571428571,6580.0,8758.0,4660.0
4388161847,2016-04-17,619.0,0.9656786271450858,4660.0,6580.0,11009.0
4388161847,2016-04-18,99.0,0.9519230769230769,11009.0,4660.0,10181.0
4388161847,2016-04-19,329.0,0.9733727810650887,10181.0,11009.0,10553.0
4388161847,2016-04-20,421.0,0.9334811529933481,10553.0,10181.0,10055.0
4388161847,2016-04-21,442.0,0.9650655021834061,10055.0,10553.0,12139.0
4388161847,2016-04-22,82.0,0.9647058823529412,12139.0,10055.0,13236.0
4388161847,2016-04-23,478.0,0.9540918163672655,13236.0,12139.0,10243.0
4388161847,2016-04-24,552.0,0.9277310924369748,10243.0,13236.0,12961.0
4388161847,2016-04-26,319.0,0.9219653179190751,9461.0,12961.0,11193.0
4388161847,2016-04-27,439.0,0.878,11193.0,9461.0,10074.0
4388161847,2016-04-28,428.0,0.9344978165938864,10074.0,11193.0,9232.0
4388161847,2016-04-30,409.0,0.9511627906976744,12533.0,9232.0,10255.0
4388161847,2016-05-01,547.0,0.916247906197655,10255.0,12533.0,10096.0
4388161847,2016-05-02,368.0,0.9787234042553191,10096.0,10255.0,12727.0
4388161847,2016-05-04,390.0,0.9420289855072463,12375.0,12727.0,9603.0
4388161847,2016-05-05,471.0,0.9515151515151515,9603.0,12375.0,13175.0
4388161847,2016-05-07,472.0,0.9516129032258065,22770.0,13175.0,17298.0
4388161847,2016-05-08,529.0,0.977818853974122,17298.0,22770.0,10218.0
4388161847,2016-05-09,62.0,0.9538461538461539,10218.0,17298.0,10299.0
4388161847,2016-05-10,354.0,0.944,10299.0,10218.0,10201.0
4388161847,2016-05-11,469.0,0.9493927125506073,10201.0,10299.0,3369.0
4445114986,2016-04-12,429.0,0.9387308533916849,3276.0,,2961.0
4445114986,2016-04-13,370.0,0.9113300492610837,2961.0,3276.0,3974.0
4445114986,2016-04-14,441.0,0.8963414634146342,3974.0,2961.0,7198.0
4445114986,2016-04-15,337.0,0.8891820580474934,7198.0,3974.0,3945.0
4445114986,2016-04-16,462.0,0.9258517034068137,3945.0,7198.0,2268.0
4445114986,2016-04-17,98.0,0.9158878504672897,2268.0,3945.0,6155.0
4445114986,2016-04-19,388.0,0.9150943396226415,2064.0,6155.0,2072.0
4445114986,2016-04-20,439.0,0.9502164502164502,2072.0,2064.0,3809.0
4445114986,2016-04-21,436.0,0.929637526652452,3809.0,2072.0,6831.0
4445114986,2016-04-22,388.0,0.9304556354916067,6831.0,3809.0,4363.0
4445114986,2016-04-25,328.0,0.9507246376811594,3385.0,5002.0,6326.0
4445114986,2016-04-26,353.0,0.9028132992327366,6326.0,3385.0,7243.0
4445114986,2016-04-27,332.0,0.8877005347593583,7243.0,6326.0,4493.0
4445114986,2016-04-28,419.0,0.9479638009049773,4493.0,7243.0,4676.0
4445114986,2016-04-29,106.0,0.9814814814814815,4676.0,4493.0,6222.0
4445114986,2016-04-30,322.0,0.9121813031161473,6222.0,4676.0,5232.0
4445114986,2016-05-01,439.0,0.9564270152505446,5232.0,6222.0,6910.0
4445114986,2016-05-02,502.0,0.9261992619926199,6910.0,5232.0,7502.0
4445114986,2016-05-03,417.0,0.9266666666666666,7502.0,6910.0,2923.0
4445114986,2016-05-04,337.0,0.928374655647383,2923.0,7502.0,3800.0
4445114986,2016-05-05,462.0,0.9005847953216374,3800.0,2923.0,4514.0
4445114986,2016-05-06,374.0,0.9303482587064676,4514.0,3800.0,5183.0
4445114986,2016-05-07,401.0,0.9197247706422018,5183.0,4514.0,7303.0
4445114986,2016-05-08,361.0,0.9232736572890026,7303.0,5183.0,5275.0
4445114986,2016-05-09,457.0,0.8574108818011257,5275.0,7303.0,3915.0
4445114986,2016-05-10,405.0,0.9507042253521126,3915.0,5275.0,9105.0
4445114986,2016-05-11,499.0,0.9415094339622642,9105.0,3915.0,768.0
4445114986,2016-05-12,483.0,0.9640718562874252,768.0,9105.0,
4558609924,2016-04-21,126.0,0.9197080291970803,13743.0,4803.0,9601.0
4558609924,2016-04-26,103.0,0.8512396694214877,9148.0,8095.0,9557.0
4558609924,2016-04-29,171.0,0.9553072625698324,7833.0,9451.0,10319.0
4558609924,2016-05-01,115.0,0.8914728682170543,3428.0,10319.0,7891.0
4558609924,2016-05-08,123.0,0.917910447761194,6543.0,8237.0,11451.0
4702921684,2016-04-12,425.0,0.9681093394077449,7213.0,,6877.0
4702921684,2016-04-13,400.0,0.9302325581395349,6877.0,7213.0,7860.0
4702921684,2016-04-14,384.0,0.9253012048192771,7860.0,6877.0,6506.0
4702921684,2016-04-15,253.0,0.9844357976653697,6506.0,7860.0,11140.0
4702921684,2016-04-16,382.0,0.9408866995073891,11140.0,6506.0,12692.0
4702921684,2016-04-17,591.0,0.9656862745098039,12692.0,11140.0,9105.0
4702921684,2016-04-18,293.0,0.9391025641025641,9105.0,12692.0,6708.0
4702921684,2016-04-19,457.0,0.9383983572895277,6708.0,9105.0,8793.0
4702921684,2016-04-20,454.0,0.9700854700854701,8793.0,6708.0,6530.0
4702921684,2016-04-21,425.0,0.9792626728110599,6530.0,8793.0,1664.0
4702921684,2016-04-23,465.0,0.9789473684210527,15126.0,1664.0,15050.0
4702921684,2016-04-24,480.0,0.9486166007905138,15050.0,15126.0,9167.0
4702921684,2016-04-25,370.0,0.9736842105263158,9167.0,15050.0,6108.0
4702921684,2016-04-26,421.0,0.9813519813519813,6108.0,9167.0,7047.0
4702921684,2016-04-27,432.0,0.9621380846325167,7047.0,6108.0,9023.0
4702921684,2016-04-28,442.0,0.9587852494577006,9023.0,7047.0,9930.0
4702921684,2016-04-29,433.0,0.9686800894854586,9930.0,9023.0,10144.0
4702921684,2016-04-30,479.0,0.9560878243512974,10144.0,9930.0,
4702921684,2016-05-03,327.0,0.8766756032171582,9454.0,7245.0,8161.0
4702921684,2016-05-04,412.0,0.9493087557603687,8161.0,9454.0,8614.0
4702921684,2016-05-05,414.0,0.9672897196261683,8614.0,8161.0,6943.0
4702921684,2016-05-06,404.0,0.8997772828507795,6943.0,8614.0,14370.0
4702921684,2016-05-07,520.0,0.9576427255985267,14370.0,6943.0,12857.0
4702921684,2016-05-09,435.0,0.9497816593886463,8232.0,12857.0,10613.0
4702921684,2016-05-10,416.0,0.9651972157772621,10613.0,8232.0,9810.0
4702921684,2016-05-11,354.0,0.9672131147540983,9810.0,10613.0,2752.0
4702921684,2016-05-12,404.0,0.9140271493212669,2752.0,9810.0,
5553957443,2016-04-12,441.0,0.9504310344827587,11596.0,,4832.0
5553957443,2016-04-13,455.0,0.9323770491803278,4832.0,11596.0,17022.0
5553957443,2016-04-14,357.0,0.854066985645933,17022.0,4832.0,16556.0
5553957443,2016-04-15,377.0,0.921760391198044,16556.0,17022.0,5771.0
5553957443,2016-04-16,651.0,0.9489795918367347,5771.0,16556.0,655.0
5553957443,2016-04-17,350.0,0.8706467661691543,655.0,5771.0,3727.0
5553957443,2016-04-18,520.0,0.9611829944547134,3727.0,655.0,15482.0
5553957443,2016-04-19,357.0,0.8707317073170732,15482.0,3727.0,2713.0
5553957443,2016-04-20,658.0,0.9705014749262537,2713.0,15482.0,12346.0
5553957443,2016-04-21,399.0,0.925754060324826,12346.0,2713.0,11682.0
5553957443,2016-04-22,322.0,0.9121813031161473,11682.0,12346.0,4112.0
5553957443,2016-04-23,631.0,0.8703448275862069,4112.0,11682.0,1807.0
5553957443,2016-04-24,553.0,0.8640625,1807.0,4112.0,10946.0
5553957443,2016-04-25,433.0,0.9252136752136753,10946.0,1807.0,11886.0
5553957443,2016-04-26,412.0,0.9094922737306843,11886.0,10946.0,10538.0
5553957443,2016-04-27,347.0,0.887468030690537,10538.0,11886.0,11393.0
5553957443,2016-04-28,421.0,0.9212253829321663,11393.0,10538.0,12764.0
5553957443,2016-04-29,450.0,0.9090909090909091,12764.0,11393.0,1202.0
5553957443,2016-04-30,775.0,0.9193357058125742,1202.0,12764.0,5164.0
5553957443,2016-05-01,622.0,0.9067055393586005,5164.0,1202.0,9769.0
5553957443,2016-05-02,409.0,0.8683651804670913,9769.0,5164.0,12848.0
5553957443,2016-05-03,380.0,0.8857808857808858,12848.0,9769.0,4249.0
5553957443,2016-05-04,447.0,0.951063829787234,4249.0,12848.0,14331.0
5553957443,2016-05-05,419.0,0.9030172413793104,14331.0,4249.0,9632.0
5553957443,2016-05-06,400.0,0.9216589861751152,9632.0,14331.0,1868.0
5553957443,2016-05-07,442.0,0.9404255319148936,1868.0,9632.0,6083.0
5553957443,2016-05-08,568.0,0.9342105263157895,6083.0,1868.0,11611.0
5553957443,2016-05-09,453.0,0.917004048582996,11611.0,6083.0,16358.0
5553957443,2016-05-10,418.0,0.9435665914221218,16358.0,11611.0,4926.0
5553957443,2016-05-11,463.0,0.9526748971193416,4926.0,16358.0,3121.0
5553957443,2016-05-12,438.0,0.9221052631578948,3121.0,4926.0,
5577150313,2016-04-12,419.0,0.95662100456621,8135.0,,5077.0
5577150313,2016-04-13,432.0,0.9432314410480349,5077.0,8135.0,8596.0
5577150313,2016-04-14,477.0,0.959758551307847,8596.0,5077.0,12087.0
5577150313,2016-04-15,392.0,0.9491525423728814,12087.0,8596.0,14269.0
5577150313,2016-04-16,406.0,0.9123595505617977,14269.0,12087.0,12231.0
5577150313,2016-04-17,549.0,0.9416809605488851,12231.0,14269.0,9893.0
5577150313,2016-04-18,527.0,0.9529837251356239,9893.0,12231.0,12574.0
5577150313,2016-04-19,449.0,0.9655913978494624,12574.0,9893.0,8330.0
5577150313,2016-04-20,447.0,0.93125,8330.0,12574.0,10830.0
5577150313,2016-04-21,414.0,0.9473684210526315,10830.0,8330.0,9172.0
5577150313,2016-04-22,338.0,0.9234972677595629,9172.0,10830.0,7638.0
5577150313,2016-04-23,384.0,0.9552238805970149,7638.0,9172.0,15764.0
5577150313,2016-04-24,543.0,0.8829268292682927,15764.0,7638.0,6393.0
5577150313,2016-04-25,421.0,0.913232104121475,6393.0,15764.0,5325.0
5577150313,2016-04-26,354.0,0.9389920424403183,5325.0,6393.0,6805.0
5577150313,2016-04-27,424.0,0.9380530973451328,6805.0,5325.0,9841.0
5577150313,2016-04-28,361.0,0.9704301075268817,9841.0,6805.0,7924.0
5577150313,2016-04-29,459.0,0.9463917525773196,7924.0,9841.0,12363.0
5577150313,2016-04-30,412.0,0.9515011547344111,12363.0,7924.0,13368.0
5577150313,2016-05-01,379.0,0.9522613065326633,13368.0,12363.0,7439.0
5577150313,2016-05-02,525.0,0.9493670886075949,7439.0,13368.0,11045.0
5577150313,2016-05-03,508.0,0.9355432780847146,11045.0,7439.0,5206.0
5577150313,2016-05-04,603.0,0.9511041009463722,5206.0,11045.0,7550.0
5577150313,2016-05-05,74.0,0.9487179487179487,7550.0,5206.0,4950.0
5577150313,2016-05-10,504.0,0.896797153024911,8869.0,3421.0,4038.0
5577150313,2016-05-11,431.0,0.9054621848739496,4038.0,8869.0,
6117666160,2016-04-16,380.0,0.9547738693467337,14450.0,14019.0,7150.0
6117666160,2016-04-17,336.0,0.96,7150.0,14450.0,5153.0
6117666160,2016-04-18,493.0,0.9666666666666667,5153.0,7150.0,11135.0
6117666160,2016-04-19,465.0,0.9451219512195121,11135.0,5153.0,10449.0
6117666160,2016-04-20,474.0,0.9442231075697212,10449.0,11135.0,19542.0
6117666160,2016-04-21,508.0,0.9236363636363636,19542.0,10449.0,8206.0
6117666160,2016-04-22,480.0,0.8791208791208791,8206.0,19542.0,11495.0
6117666160,2016-04-23,492.0,0.9128014842300557,11495.0,8206.0,7623.0
6117666160,2016-04-24,353.0,0.9618528610354223,7623.0,11495.0,
6117666160,2016-04-27,542.0,0.9730700179533214,9411.0,9543.0,3403.0
6117666160,2016-04-28,393.0,0.9447115384615384,3403.0,9411.0,9592.0
6117666160,2016-04-29,600.0,0.9433962264150944,9592.0,3403.0,6987.0
6117666160,2016-05-01,507.0,0.8817391304347826,8915.0,6987.0,4933.0
6117666160,2016-05-05,392.0,0.944578313253012,9799.0,2997.0,3365.0
6117666160,2016-05-06,658.0,0.9426934097421203,3365.0,9799.0,7336.0
6117666160,2016-05-07,498.0,0.9822485207100592,7336.0,3365.0,7328.0
6117666160,2016-05-08,555.0,0.9203980099502488,7328.0,7336.0,4477.0
6117666160,2016-05-09,492.0,0.9425287356321839,4477.0,7328.0,
6775888955,2016-04-13,235.0,0.9038461538461539,4053.0,,5162.0
6775888955,2016-04-14,423.0,0.9591836734693877,5162.0,4053.0,1282.0
6775888955,2016-04-15,391.0,0.9630541871921182,1282.0,5162.0,4732.0
6962181067,2016-04-12,366.0,0.9457364341085271,10199.0,,5652.0
6962181067,2016-04-13,630.0,0.9278350515463918,5652.0,10199.0,1551.0
6962181067,2016-04-14,508.0,0.9495327102803738,1551.0,5652.0,5563.0
6962181067,2016-04-15,370.0,0.9585492227979274,5563.0,1551.0,13217.0
6962181067,2016-04-16,357.0,0.9754098360655737,13217.0,5563.0,10145.0
6962181067,2016-04-17,427.0,0.9573991031390134,10145.0,13217.0,11404.0
6962181067,2016-04-18,442.0,0.9650655021834061,11404.0,10145.0,10742.0
6962181067,2016-04-19,476.0,0.8897196261682243,10742.0,11404.0,13928.0
6962181067,2016-04-20,418.0,0.9858490566037735,13928.0,10742.0,11835.0
6962181067,2016-04-21,451.0,0.986870897155361,11835.0,13928.0,10725.0
6962181067,2016-04-22,425.0,0.9770114942528736,10725.0,11835.0,20031.0
6962181067,2016-04-23,528.0,0.967032967032967,20031.0,10725.0,5029.0
6962181067,2016-04-24,511.0,0.9941634241245136,5029.0,20031.0,13239.0
6962181067,2016-04-25,400.0,0.963855421686747,13239.0,5029.0,10433.0
6962181067,2016-04-26,441.0,0.9887892376681614,10433.0,13239.0,10320.0
6962181067,2016-04-27,455.0,0.974304068522484,10320.0,10433.0,12627.0
6962181067,2016-04-28,440.0,0.9713024282560706,12627.0,10320.0,10762.0
6962181067,2016-04-29,433.0,0.9686800894854586,10762.0,12627.0,10081.0
6962181067,2016-04-30,422.0,0.9952830188679245,10081.0,10762.0,5454.0
6962181067,2016-05-01,411.0,0.9647887323943662,5454.0,10081.0,12912.0
6962181067,2016-05-02,466.0,0.966804979253112,12912.0,5454.0,12109.0
6962181067,2016-05-03,394.0,0.9425837320574163,12109.0,12912.0,10147.0
6962181067,2016-05-04,442.0,0.9714285714285714,10147.0,12109.0,10524.0
6962181067,2016-05-05,467.0,0.9511201629327902,10524.0,10147.0,5908.0
6962181067,2016-05-06,443.0,0.9588744588744589,5908.0,10524.0,6815.0
6962181067,2016-05-07,298.0,0.8922155688622755,6815.0,5908.0,4188.0
6962181067,2016-05-08,541.0,0.9507908611599297,4188.0,6815.0,12342.0
6962181067,2016-05-09,489.0,0.9839034205231388,12342.0,4188.0,15448.0
6962181067,2016-05-10,469.0,0.975051975051975,15448.0,12342.0,6722.0
6962181067,2016-05-11,452.0,0.9416666666666667,6722.0,15448.0,3587.0
6962181067,2016-05-12,516.0,0.9644859813084112,3587.0,6722.0,
7007744171,2016-04-16,79.0,0.9634146341463414,4631.0,5273.0,8059.0
7007744171,2016-05-01,58.0,0.9508196721311475,5600.0,3761.0,13041.0
7086361926,2016-04-12,514.0,0.979047619047619,11317.0,,5813.0
7086361926,2016-04-13,451.0,0.9698924731182795,5813.0,11317.0,9123.0
7086361926,2016-04-14,472.0,0.9915966386554622,9123.0,5813.0,8585.0
7086361926,2016-04-15,377.0,0.9766839378238342,8585.0,9123.0,
7086361926,2016-04-19,472.0,0.9772256728778468,10688.0,9827.0,14365.0
7086361926,2016-04-20,492.0,0.9800796812749004,14365.0,10688.0,9469.0
7086361926,2016-04-21,390.0,0.948905109489051,9469.0,14365.0,9753.0
7086361926,2016-04-22,428.0,0.9553571428571429,9753.0,9469.0,2817.0
7086361926,2016-04-24,681.0,0.9673295454545454,3520.0,2817.0,10091.0
7086361926,2016-04-25,446.0,0.9977628635346756,10091.0,3520.0,10387.0
7086361926,2016-04-26,485.0,0.97,10387.0,10091.0,11107.0
7086361926,2016-04-27,469.0,0.9791231732776617,11107.0,10387.0,11584.0
7086361926,2016-04-28,354.0,0.9645776566757494,11584.0,11107.0,7881.0
7086361926,2016-04-30,485.0,0.9918200408997955,14560.0,7881.0,12390.0
7086361926,2016-05-01,388.0,0.9533169533169533,12390.0,14560.0,10052.0
7086361926,2016-05-02,440.0,0.9586056644880174,10052.0,12390.0,10288.0
7086361926,2016-05-03,456.0,0.9891540130151844,10288.0,10052.0,10988.0
7086361926,2016-05-04,420.0,0.963302752293578,10988.0,10288.0,8564.0
7086361926,2016-05-06,322.0,0.9669669669669669,12461.0,8564.0,12827.0
7086361926,2016-05-07,530.0,0.9671532846715328,12827.0,12461.0,10677.0
7086361926,2016-05-08,481.0,0.9431372549019608,10677.0,12827.0,13566.0
7086361926,2016-05-09,427.0,0.9748858447488584,13566.0,10677.0,14433.0
7086361926,2016-05-11,451.0,0.9740820734341252,9572.0,14433.0,3789.0
7086361926,2016-05-12,444.0,0.9715536105032823,3789.0,9572.0,
8053475328,2016-04-20,486.0,0.9858012170385395,15108.0,15929.0,16057.0
8053475328,2016-04-23,331.0,0.9821958456973294,22359.0,10520.0,22988.0
8053475328,2016-05-07,74.0,0.9866666666666667,19769.0,13953.0,22026.0
8378563200,2016-04-12,338.0,0.949438202247191,7626.0,,12386.0
8378563200,2016-04-13,447.0,0.917864476386037,12386.0,7626.0,13318.0
8378563200,2016-04-14,424.0,0.9318681318681319,13318.0,12386.0,14461.0
8378563200,2016-04-15,513.0,0.9624765478424016,14461.0,13318.0,11207.0
8378563200,2016-04-16,611.0,0.8867924528301887,11207.0,14461.0,2132.0
8378563200,2016-04-17,525.0,0.8883248730964467,2132.0,11207.0,13630.0
8378563200,2016-04-18,398.0,0.8824833702882483,13630.0,2132.0,13070.0
8378563200,2016-04-19,387.0,0.9192399049881235,13070.0,13630.0,9388.0
8378563200,2016-04-20,381.0,0.9315403422982885,9388.0,13070.0,15148.0
8378563200,2016-04-21,396.0,0.9496402877697842,15148.0,9388.0,12200.0
8378563200,2016-04-22,441.0,0.9402985074626866,12200.0,15148.0,5709.0
8378563200,2016-04-23,565.0,0.9560067681895094,5709.0,12200.0,3703.0
8378563200,2016-04-24,458.0,0.9308943089430894,3703.0,5709.0,12405.0
8378563200,2016-04-25,388.0,0.9651741293532339,12405.0,3703.0,16208.0
8378563200,2016-04-26,550.0,0.9417808219178082,16208.0,12405.0,7359.0
8378563200,2016-04-27,531.0,0.885,7359.0,16208.0,5417.0
8378563200,2016-04-28,506.0,0.9100719424460432,5417.0,7359.0,6175.0
8378563200,2016-04-29,527.0,0.9377224199288257,6175.0,5417.0,2946.0
8378563200,2016-04-30,468.0,0.8432432432432433,2946.0,6175.0,11419.0
8378563200,2016-05-01,475.0,0.8812615955473099,11419.0,2946.0,6064.0
8378563200,2016-05-02,351.0,0.9116883116883117,6064.0,11419.0,8712.0
8378563200,2016-05-03,405.0,0.9440559440559441,8712.0,6064.0,7875.0
8378563200,2016-05-04,441.0,0.9245283018867925,7875.0,8712.0,8567.0
8378563200,2016-05-05,381.0,0.9136690647482014,8567.0,7875.0,7045.0
8378563200,2016-05-06,323.0,0.9098591549295775,7045.0,8567.0,4468.0
8378563200,2016-05-07,459.0,0.8947368421052632,4468.0,7045.0,2943.0
8378563200,2016-05-08,545.0,0.8993399339933993,2943.0,4468.0,8382.0
8378563200,2016-05-09,359.0,0.899749373433584,8382.0,2943.0,6582.0
8378563200,2016-05-10,342.0,0.8746803069053708,6582.0,8382.0,9143.0
8378563200,2016-05-11,368.0,0.9509043927648578,9143.0,6582.0,4561.0
8378563200,2016-05-12,496.0,0.9084249084249084,4561.0,9143.0,
8792009665,2016-04-12,458.0,0.9290060851926978,2564.0,,1320.0
8792009665,2016-04-13,531.0,0.9619565217391305,1320.0,2564.0,1219.0
8792009665,2016-04-14,486.0,0.9662027833001988,1219.0,1320.0,2483.0
8792009665,2016-04-15,363.0,0.9628647214854111,2483.0,1219.0,244.0
8792009665,2016-04-20,528.0,0.9652650822669104,3147.0,,144.0
8792009665,2016-04-22,391.0,0.9606879606879607,4068.0,144.0,5245.0
8792009665,2016-04-23,339.0,0.9416666666666667,5245.0,4068.0,400.0
8792009665,2016-04-27,423.0,0.9883177570093458,1758.0,1321.0,6157.0
8792009665,2016-04-28,402.0,0.9663461538461539,6157.0,1758.0,8360.0
8792009665,2016-04-29,398.0,0.9802955665024631,8360.0,6157.0,7174.0
8792009665,2016-04-30,343.0,0.9527777777777777,7174.0,8360.0,1619.0
8792009665,2016-05-01,503.0,0.9544592030360531,1619.0,7174.0,1831.0
8792009665,2016-05-02,415.0,0.9810874704491725,1831.0,1619.0,2421.0
8792009665,2016-05-03,516.0,0.9467889908256881,2421.0,1831.0,2283.0
8792009665,2016-05-04,439.0,0.9481641468682506,2283.0,2421.0,
